customer_id,age,segment,region,channel,join_date
C0001,40,Occasional,East,Online,2022-11-24
C0002,33,Regular,North,Retail,2022-02-27
C0003,53,Premium,Central,Retail,2022-01-13
C0004,44,Regular,North,Online,2022-05-21
C0005,37,Regular,South,App,2022-05-06
C0006,18,Premium,South,Online,2022-04-25
C0007,52,Regular,East,App,2022-03-13
C0008,32,Premium,West,Online,2022-02-22
C0009,27,Occasional,East,Online,2022-12-13
C0010,31,Regular,North,Partner,2022-10-07
C0011,44,Regular,East,App,2022-02-14
C0012,20,Regular,Central,Retail,2022-10-30
C0013,43,Premium,North,Online,2022-08-05
C0014,37,Regular,South,Online,2022-01-17
C0015,29,Regular,East,Online,2022-01-16
C0016,47,Occasional,North,Partner,2022-02-17
C0017,26,Premium,West,App,2022-04-22
C0018,42,Occasional,West,Online,2022-04-30
C0019,24,Occasional,West,Online,2022-09-16
C0020,31,Premium,South,Online,2022-11-05
C0021,44,Occasional,East,Online,2022-01-14
C0022,51,Occasional,West,App,2022-10-15
C0023,34,Regular,East,Online,2022-04-12
C0024,53,Premium,North,App,2022-11-29
C0025,36,Occasional,South,Online,2022-12-26
C0026,18,Occasional,South,Online,2022-10-07
C0027,25,Occasional,West,App,2022-08-03
C0028,28,Occasional,West,Online,2022-04-23
C0029,36,Occasional,Central,Online,2022-08-18
C0030,46,Premium,South,Online,2022-10-29
C0031,38,Premium,East,Online,2022-05-23
C0032,38,Regular,North,Online,2022-01-04
C0033,33,Regular,West,Online,2022-03-23
C0034,39,Occasional,Central,Online,2022-12-24
C0035,18,Regular,North,App,2022-08-05
C0036,34,Regular,North,Online,2022-06-24
C0037,32,Premium,East,Partner,2022-05-23
C0038,38,Regular,West,Retail,2022-03-21
C0039,44,Regular,West,App,2022-04-21
C0040,24,Regular,North,Retail,2022-06-22
C0041,23,Premium,East,App,2022-02-22
C0042,28,Premium,East,Online,2022-02-17
C0043,22,Occasional,South,Partner,2022-07-14
C0044,40,Premium,South,Online,2022-02-19
C0045,44,Occasional,East,App,2022-07-03
C0046,20,Regular,North,Retail,2022-06-26
C0047,38,Regular,South,App,2022-11-06
C0048,44,Occasional,Central,Retail,2022-05-16
C0049,26,Regular,Central,App,2022-01-23
C0050,37,Premium,North,App,2022-08-24
C0051,57,Occasional,South,App,2022-10-02
C0052,40,Regular,South,App,2022-03-05
C0053,46,Occasional,East,Online,2022-07-13
C0054,39,Regular,South,Online,2022-02-10
C0055,34,Occasional,West,Retail,2022-10-10
C0056,39,Regular,East,App,2022-05-31
C0057,42,Regular,North,App,2022-11-18
C0058,24,Regular,Central,Partner,2022-11-13
C0059,32,Premium,Central,Online,2022-07-05
C0060,43,Occasional,Central,Retail,2022-10-23
C0061,24,Occasional,South,Online,2022-04-09
C0062,18,Regular,Central,App,2022-12-27
C0063,24,Regular,Central,Online,2022-02-05
C0064,36,Regular,Central,App,2022-01-24
C0065,47,Regular,South,Retail,2022-12-05
C0066,47,Occasional,Central,Partner,2022-04-27
C0067,41,Occasional,West,App,2022-05-29
C0068,70,Occasional,Central,Online,2022-02-10
C0069,25,Regular,North,App,2022-04-30
C0070,32,Regular,South,App,2022-02-21
C0071,29,Premium,East,Retail,2022-07-14
C0072,48,Regular,West,Online,2022-05-23
C0073,35,Regular,West,App,2022-08-21
C0074,27,Occasional,East,Online,2022-11-22
C0075,27,Regular,North,Online,2022-07-06
C0076,45,Occasional,West,App,2022-03-25
C0077,20,Regular,South,App,2022-07-09
C0078,30,Occasional,West,Online,2022-07-01
C0079,60,Regular,South,Online,2022-04-18
C0080,47,Occasional,North,Online,2022-12-10
C0081,40,Regular,North,App,2022-05-17
C0082,44,Regular,North,Online,2022-12-26
C0083,54,Regular,North,Online,2022-12-16
C0084,18,Regular,East,Retail,2022-11-28
C0085,23,Premium,West,Online,2022-02-06
C0086,40,Regular,Central,App,2022-11-08
C0087,54,Regular,East,Partner,2022-11-22
C0088,20,Regular,Central,Partner,2022-03-29
C0089,38,Premium,South,Retail,2022-10-01
C0090,27,Premium,West,Online,2022-05-06
C0091,39,Regular,Central,App,2022-03-25
C0092,26,Occasional,South,Online,2022-08-25
C0093,43,Occasional,East,Online,2022-07-14
C0094,42,Occasional,South,Partner,2022-05-19
C0095,32,Occasional,West,Online,2022-11-24
C0096,48,Occasional,East,Retail,2022-12-19
C0097,43,Regular,North,Partner,2022-10-13
C0098,31,Premium,South,Partner,2022-04-23
C0099,36,Regular,East,Online,2022-12-17
C0100,42,Regular,West,Retail,2022-06-16
C0101,42,Premium,East,Online,2022-01-29
C0102,42,Regular,East,Retail,2022-04-28
C0103,25,Premium,West,App,2022-01-17
C0104,31,Premium,North,App,2022-06-11
C0105,29,Premium,Central,Online,2022-07-25
C0106,37,Regular,West,Partner,2022-05-18
C0107,26,Occasional,East,Online,2022-02-03
C0108,32,Occasional,North,App,2022-04-19
C0109,34,Premium,North,Online,2022-10-18
C0110,31,Regular,West,App,2022-06-11
C0111,33,Regular,Central,Online,2022-04-19
C0112,39,Occasional,North,Partner,2022-12-02
C0113,37,Premium,East,Partner,2022-09-13
C0114,35,Regular,West,App,2022-07-22
C0115,60,Regular,Central,Online,2022-11-26
C0116,25,Regular,Central,Retail,2022-08-23
C0117,61,Regular,North,App,2022-03-15
C0118,25,Regular,East,Online,2022-05-16
C0119,39,Regular,West,App,2022-03-13
C0120,57,Regular,Central,Retail,2022-05-07
C0121,19,Occasional,Central,Online,2022-10-15
C0122,56,Premium,South,Retail,2022-10-03
C0123,18,Occasional,West,Retail,2022-05-15
C0124,51,Regular,East,Online,2022-10-27
C0125,35,Occasional,Central,Retail,2022-08-08
C0126,35,Regular,East,Online,2022-10-26
C0127,36,Regular,West,App,2022-07-24
C0128,41,Regular,North,App,2022-07-05
C0129,53,Regular,Central,App,2022-04-23
C0130,36,Regular,Central,Online,2022-03-12
C0131,42,Occasional,North,Online,2022-09-18
C0132,51,Premium,South,App,2022-09-10
C0133,20,Occasional,South,App,2022-02-16
C0134,18,Occasional,South,App,2022-01-25
C0135,18,Regular,Central,App,2022-02-26
C0136,34,Regular,West,Online,2022-03-20
C0137,39,Regular,South,Retail,2022-11-18
C0138,23,Regular,West,Online,2022-03-23
C0139,28,Regular,North,Online,2022-12-15
C0140,25,Regular,North,Online,2022-08-05
C0141,58,Premium,West,App,2022-11-02
C0142,35,Premium,Central,Partner,2022-02-02
C0143,33,Occasional,West,Online,2022-07-17
C0144,32,Regular,South,App,2022-07-15
C0145,18,Regular,West,Online,2022-11-02
C0146,51,Regular,West,Retail,2022-08-28
C0147,70,Premium,East,App,2022-09-28
C0148,48,Regular,South,Online,2022-05-09
C0149,27,Premium,Central,App,2022-10-11
C0150,22,Occasional,West,App,2022-01-06
C0151,35,Regular,West,Online,2022-12-15
C0152,24,Premium,South,Online,2022-02-28
C0153,46,Regular,Central,App,2022-12-16
C0154,57,Regular,North,Online,2022-10-02
C0155,27,Regular,South,Online,2022-05-17
C0156,29,Occasional,North,App,2022-11-25
C0157,38,Premium,South,Partner,2022-06-24
C0158,34,Occasional,West,Online,2022-02-27
C0159,41,Occasional,East,App,2022-05-31
C0160,23,Regular,West,Online,2022-08-11
C0161,25,Regular,South,Online,2022-03-22
C0162,18,Regular,South,App,2022-08-21
C0163,34,Regular,North,Online,2022-01-02
C0164,20,Premium,North,Partner,2022-05-15
C0165,47,Regular,West,Retail,2022-09-14
C0166,28,Regular,East,Online,2022-04-02
C0167,41,Occasional,Central,Online,2022-09-17
C0168,32,Occasional,Central,Online,2022-02-24
C0169,36,Regular,West,Online,2022-11-17
C0170,33,Occasional,North,Online,2022-06-02
C0171,39,Occasional,East,Online,2022-11-24
C0172,29,Occasional,South,Retail,2022-09-17
C0173,18,Regular,South,App,2022-11-08
C0174,22,Regular,South,Retail,2022-04-12
C0175,44,Occasional,West,Online,2022-03-20
C0176,18,Occasional,West,Online,2022-07-11
C0177,39,Regular,East,Retail,2022-03-24
C0178,30,Occasional,North,Online,2022-10-04
C0179,44,Premium,East,Retail,2022-09-29
C0180,24,Occasional,South,Retail,2022-01-01
C0181,31,Occasional,North,Online,2022-11-03
C0182,23,Occasional,West,App,2022-06-15
C0183,39,Regular,South,Online,2022-09-08
C0184,57,Occasional,East,Online,2022-01-10
C0185,42,Regular,East,App,2022-02-27
C0186,34,Regular,North,Retail,2022-07-05
C0187,36,Occasional,Central,App,2022-06-07
C0188,43,Regular,East,App,2022-05-03
C0189,54,Occasional,Central,App,2022-01-30
C0190,28,Premium,Central,Retail,2022-05-04
C0191,35,Regular,South,Online,2022-10-18
C0192,48,Regular,West,Online,2022-02-10
C0193,22,Regular,Central,Online,2022-02-13
C0194,18,Regular,West,App,2022-09-06
C0195,31,Premium,North,App,2022-02-05
C0196,18,Regular,Central,Online,2022-09-30
C0197,57,Premium,West,Online,2022-03-06
C0198,48,Occasional,North,Online,2022-03-07
C0199,65,Premium,West,Online,2022-12-04
C0200,35,Occasional,North,Online,2022-09-01
C0201,34,Regular,North,Retail,2022-10-09
C0202,28,Regular,East,Online,2022-03-26
C0203,49,Regular,North,Retail,2022-05-16
C0204,18,Occasional,South,Online,2022-09-28
C0205,21,Premium,North,App,2022-11-07
C0206,56,Occasional,North,Online,2022-08-05
C0207,43,Premium,North,Retail,2022-04-19
C0208,21,Regular,West,Online,2022-10-04
C0209,32,Occasional,Central,Retail,2022-12-20
C0210,30,Regular,West,Online,2022-04-13
C0211,42,Premium,North,Online,2023-01-01
C0212,31,Premium,North,App,2022-06-09
C0213,46,Occasional,South,Online,2022-07-24
C0214,32,Regular,East,Online,2022-12-10
C0215,19,Regular,East,Online,2022-11-29
C0216,56,Occasional,West,Online,2022-07-11
C0217,34,Occasional,West,Online,2022-08-13
C0218,48,Premium,South,App,2022-09-22
C0219,18,Premium,West,Partner,2022-08-20
C0220,43,Regular,North,Online,2022-03-03
C0221,37,Regular,East,App,2022-05-07
C0222,23,Occasional,North,Online,2022-04-26
C0223,38,Regular,West,Online,2022-02-02
C0224,46,Occasional,East,Online,2022-06-23
C0225,27,Regular,West,Online,2022-01-11
C0226,35,Regular,South,Online,2022-10-29
C0227,23,Occasional,South,App,2022-10-11
C0228,18,Regular,West,Partner,2022-04-28
C0229,24,Premium,South,App,2022-10-29
C0230,43,Premium,East,App,2022-04-23
C0231,48,Premium,North,App,2022-01-04
C0232,26,Regular,West,Online,2022-02-06
C0233,43,Occasional,West,Online,2022-12-29
C0234,28,Regular,South,Online,2022-11-20
C0235,34,Regular,East,Retail,2022-01-31
C0236,42,Occasional,West,App,2022-04-28
C0237,45,Regular,East,Online,2022-02-04
C0238,40,Occasional,Central,Online,2022-01-17
C0239,40,Regular,East,Partner,2022-06-19
C0240,37,Premium,West,Online,2022-02-06
C0241,34,Occasional,West,Online,2022-09-21
C0242,43,Occasional,North,App,2022-05-02
C0243,29,Premium,West,Online,2022-05-23
C0244,31,Occasional,North,Online,2022-12-09
C0245,52,Regular,West,Retail,2022-09-06
C0246,37,Regular,South,Online,2022-04-20
C0247,35,Occasional,West,Partner,2022-10-04
C0248,47,Regular,West,Online,2022-03-09
C0249,62,Occasional,Central,Retail,2022-10-20
C0250,30,Regular,East,App,2022-10-23
C0251,29,Regular,South,Online,2022-08-31
C0252,31,Regular,North,Online,2022-05-05
C0253,34,Regular,West,Online,2022-08-31
C0254,37,Occasional,West,Online,2022-07-28
C0255,46,Occasional,East,App,2022-04-08
C0256,32,Regular,Central,Online,2022-02-18
C0257,36,Regular,East,Online,2022-02-19
C0258,40,Regular,South,Online,2022-12-04
C0259,27,Premium,Central,Retail,2022-08-09
C0260,49,Occasional,Central,Online,2022-07-01
C0261,52,Occasional,North,Retail,2022-08-05
C0262,28,Regular,South,App,2022-07-30
C0263,53,Premium,Central,Online,2022-08-28
C0264,56,Premium,Central,Partner,2022-01-28
C0265,38,Occasional,East,Online,2022-12-11
C0266,39,Regular,South,Online,2022-12-01
C0267,34,Premium,South,App,2022-11-27
C0268,56,Premium,Central,App,2022-02-20
C0269,65,Occasional,South,App,2022-02-01
C0270,28,Regular,South,Retail,2022-07-26
C0271,42,Occasional,Central,App,2022-06-23
C0272,48,Occasional,West,App,2022-02-25
C0273,51,Regular,Central,Retail,2022-05-08
C0274,42,Premium,West,Online,2022-04-09
C0275,49,Regular,West,Retail,2022-04-08
C0276,25,Regular,North,Online,2022-10-02
C0277,37,Regular,South,App,2022-08-18
C0278,35,Regular,West,Online,2022-03-13
C0279,37,Occasional,South,App,2022-08-05
C0280,53,Occasional,North,Partner,2022-04-04
C0281,29,Regular,West,Online,2022-05-23
C0282,37,Regular,South,App,2022-08-25
C0283,28,Occasional,North,Online,2022-05-08
C0284,39,Regular,East,Retail,2022-02-08
C0285,28,Regular,Central,Online,2022-08-15
C0286,57,Regular,North,Retail,2022-10-09
C0287,22,Premium,West,App,2022-02-20
C0288,43,Regular,Central,Online,2022-01-26
C0289,42,Regular,West,Online,2022-11-30
C0290,33,Regular,Central,Online,2022-10-04
C0291,32,Regular,North,App,2022-01-08
C0292,39,Regular,Central,App,2022-02-17
C0293,39,Occasional,West,Retail,2022-05-02
C0294,40,Regular,North,Online,2022-03-27
C0295,37,Occasional,East,Online,2022-07-28
C0296,43,Premium,West,Online,2022-09-06
C0297,34,Premium,East,Online,2022-09-04
C0298,18,Occasional,South,App,2022-04-20
C0299,29,Regular,South,App,2022-07-25
C0300,18,Occasional,West,Online,2022-01-31
C0301,23,Regular,Central,Online,2022-03-26
C0302,34,Regular,West,App,2022-07-14
C0303,32,Regular,East,Online,2022-01-02
C0304,35,Regular,North,Online,2022-07-19
C0305,22,Regular,West,Retail,2022-05-16
C0306,31,Regular,North,Online,2022-08-21
C0307,51,Premium,Central,Online,2022-05-27
C0308,46,Regular,West,Retail,2022-08-05
C0309,45,Regular,West,Online,2022-12-23
C0310,42,Occasional,East,Retail,2022-10-12
C0311,59,Regular,West,Online,2022-12-05
C0312,26,Premium,South,Online,2022-09-07
C0313,31,Occasional,South,Online,2022-03-21
C0314,40,Occasional,West,App,2022-04-08
C0315,55,Regular,Central,Partner,2022-06-01
C0316,40,Occasional,North,App,2022-04-22
C0317,31,Occasional,West,App,2022-01-30
C0318,18,Regular,South,Online,2022-10-24
C0319,37,Regular,West,App,2022-10-05
C0320,47,Occasional,Central,Online,2022-02-01
C0321,42,Occasional,North,App,2022-06-10
C0322,18,Regular,West,Online,2022-01-30
C0323,40,Regular,South,Partner,2022-01-26
C0324,38,Regular,Central,App,2022-10-27
C0325,41,Regular,East,Online,2022-09-02
C0326,30,Regular,North,Online,2022-09-15
C0327,19,Occasional,North,Partner,2022-09-29
C0328,48,Regular,South,Online,2022-03-22
C0329,35,Regular,West,Online,2022-01-30
C0330,19,Regular,West,App,2022-09-18
C0331,30,Premium,West,App,2022-02-11
C0332,30,Regular,West,Retail,2022-04-06
C0333,47,Regular,North,Online,2022-02-05
C0334,37,Premium,East,Partner,2022-11-01
C0335,43,Regular,East,Online,2022-02-04
C0336,34,Premium,Central,Partner,2022-12-12
C0337,45,Regular,East,App,2022-05-01
C0338,39,Occasional,North,Online,2022-07-26
C0339,48,Regular,West,Partner,2022-03-03
C0340,22,Premium,West,Online,2022-10-19
C0341,32,Occasional,West,Partner,2022-05-07
C0342,37,Occasional,East,App,2022-10-24
C0343,37,Premium,Central,App,2022-11-01
C0344,47,Occasional,North,App,2022-01-21
C0345,54,Premium,West,Partner,2022-11-14
C0346,21,Premium,Central,Online,2022-02-11
C0347,38,Regular,West,Retail,2022-08-03
C0348,40,Regular,South,App,2022-12-03
C0349,42,Occasional,East,Retail,2022-10-26
C0350,43,Premium,East,Online,2022-10-17
C0351,21,Regular,West,Online,2022-09-25
C0352,18,Regular,South,Online,2022-06-11
C0353,54,Regular,East,Online,2022-05-14
C0354,47,Occasional,East,App,2022-04-15
C0355,18,Regular,East,App,2022-12-09
C0356,18,Occasional,West,App,2022-06-10
C0357,44,Regular,Central,Online,2022-05-03
C0358,38,Occasional,South,Online,2022-05-16
C0359,18,Regular,South,Retail,2022-07-22
C0360,33,Regular,South,App,2022-03-09
C0361,23,Regular,North,Online,2022-12-10
C0362,46,Occasional,North,App,2022-11-27
C0363,27,Regular,South,Partner,2022-06-03
C0364,38,Regular,West,App,2022-08-23
C0365,36,Occasional,West,Retail,2022-06-11
C0366,29,Occasional,South,Online,2022-02-07
C0367,18,Occasional,Central,Online,2022-01-05
C0368,55,Regular,West,Online,2022-08-23
C0369,31,Occasional,North,App,2022-11-15
C0370,49,Regular,East,Online,2022-10-16
C0371,42,Regular,North,Online,2022-02-21
C0372,39,Regular,West,App,2022-02-07
C0373,28,Regular,East,Partner,2022-10-03
C0374,18,Premium,West,Online,2022-04-20
C0375,55,Occasional,Central,Online,2022-09-17
C0376,28,Premium,West,App,2022-05-16
C0377,30,Premium,Central,Online,2022-03-09
C0378,32,Regular,South,Online,2022-06-28
C0379,35,Premium,West,Online,2022-02-05
C0380,25,Regular,Central,App,2022-05-06
C0381,18,Regular,West,Partner,2022-07-09
C0382,39,Occasional,East,App,2022-05-26
C0383,26,Regular,Central,Online,2022-03-22
C0384,34,Occasional,North,App,2022-08-13
C0385,33,Occasional,South,App,2022-10-06
C0386,24,Occasional,Central,Online,2022-12-27
C0387,21,Occasional,Central,App,2022-06-04
C0388,31,Occasional,East,App,2022-11-10
C0389,37,Premium,West,Retail,2022-12-01
C0390,31,Occasional,North,Online,2022-09-28
C0391,25,Premium,Central,App,2022-01-05
C0392,19,Regular,South,Online,2022-12-08
C0393,39,Occasional,East,Partner,2022-10-11
C0394,64,Occasional,North,Partner,2022-06-03
C0395,35,Regular,Central,Retail,2022-12-06
C0396,33,Occasional,West,Online,2022-02-23
C0397,32,Regular,West,Online,2022-03-10
C0398,25,Occasional,West,Retail,2022-05-16
C0399,34,Regular,West,Online,2022-03-01
C0400,44,Regular,South,Online,2022-02-24
C0401,27,Premium,North,Partner,2022-10-11
C0402,32,Regular,Central,Online,2022-03-21
C0403,35,Regular,North,App,2022-05-20
C0404,18,Regular,West,App,2022-05-25
C0405,32,Premium,Central,Online,2022-11-06
C0406,52,Occasional,Central,Online,2022-04-18
C0407,27,Occasional,North,App,2022-06-25
C0408,31,Occasional,West,App,2022-04-15
C0409,46,Regular,East,Online,2022-12-18
C0410,18,Occasional,East,Online,2022-11-21
C0411,20,Occasional,West,Retail,2022-05-16
C0412,18,Premium,East,App,2022-09-16
C0413,28,Regular,North,Online,2022-09-08
C0414,39,Regular,Central,Retail,2022-05-09
C0415,34,Premium,East,App,2022-01-27
C0416,41,Occasional,North,App,2022-02-17
C0417,29,Occasional,East,Online,2022-11-21
C0418,24,Regular,East,Retail,2022-08-05
C0419,26,Occasional,East,Online,2022-05-22
C0420,47,Occasional,North,Partner,2022-01-23
C0421,60,Occasional,Central,App,2022-01-02
C0422,27,Regular,North,App,2022-06-20
C0423,40,Regular,West,Online,2022-03-08
C0424,26,Premium,West,Online,2022-11-23
C0425,18,Regular,West,App,2022-05-15
C0426,23,Regular,North,Online,2022-03-24
C0427,49,Regular,North,Online,2022-08-15
C0428,43,Occasional,South,Retail,2022-10-10
C0429,18,Regular,North,App,2022-12-28
C0430,53,Occasional,West,App,2022-08-07
C0431,27,Occasional,West,App,2022-10-15
C0432,46,Occasional,West,App,2022-01-05
C0433,30,Occasional,South,Online,2022-02-27
C0434,24,Regular,East,App,2022-02-08
C0435,32,Occasional,West,Online,2022-12-20
C0436,31,Occasional,Central,Retail,2022-03-18
C0437,32,Occasional,East,Retail,2022-10-07
C0438,38,Occasional,West,App,2022-01-19
C0439,37,Occasional,Central,Online,2022-07-09
C0440,19,Regular,North,App,2022-10-26
C0441,28,Regular,West,App,2022-10-10
C0442,42,Regular,East,App,2022-03-17
C0443,41,Occasional,Central,App,2022-08-09
C0444,18,Occasional,North,App,2022-03-07
C0445,32,Occasional,North,App,2022-01-22
C0446,24,Occasional,West,Online,2022-06-07
C0447,49,Regular,North,Retail,2022-07-06
C0448,27,Premium,West,Online,2022-01-21
C0449,33,Regular,North,Online,2022-07-03
C0450,40,Occasional,Central,Online,2022-04-18
C0451,55,Occasional,East,Online,2022-12-16
C0452,30,Regular,West,Online,2022-05-08
C0453,18,Occasional,North,App,2022-12-08
C0454,50,Regular,West,Online,2022-02-22
C0455,53,Regular,West,App,2022-07-01
C0456,59,Occasional,South,Retail,2022-10-14
C0457,25,Premium,South,Retail,2022-07-28
C0458,34,Occasional,West,App,2022-11-14
C0459,21,Regular,East,Online,2022-03-21
C0460,32,Regular,East,App,2022-05-02
C0461,22,Regular,West,Online,2022-03-25
C0462,57,Regular,West,Online,2022-04-01
C0463,57,Regular,South,Online,2022-07-31
C0464,53,Premium,North,Retail,2022-01-13
C0465,36,Regular,Central,Online,2022-04-02
C0466,18,Regular,Central,Retail,2022-06-20
C0467,41,Regular,East,Online,2022-07-30
C0468,28,Premium,West,App,2022-12-09
C0469,54,Occasional,North,App,2022-05-08
C0470,29,Premium,West,App,2022-05-17
C0471,33,Regular,South,Partner,2022-03-23
C0472,32,Regular,South,Retail,2022-12-26
C0473,52,Premium,East,Online,2022-02-25
C0474,31,Premium,Central,Online,2022-07-15
C0475,18,Regular,Central,Online,2022-01-20
C0476,45,Occasional,Central,App,2022-08-29
C0477,18,Occasional,Central,Online,2022-04-24
C0478,28,Occasional,North,App,2022-04-13
C0479,40,Regular,South,Online,2022-08-24
C0480,34,Regular,South,Online,2022-06-29
C0481,37,Regular,North,Retail,2022-06-06
C0482,48,Occasional,North,App,2022-04-27
C0483,25,Regular,East,Online,2022-04-25
C0484,36,Occasional,West,App,2022-01-13
C0485,18,Occasional,East,Online,2022-12-04
C0486,22,Regular,West,App,2022-04-09
C0487,27,Regular,South,Retail,2022-07-24
C0488,25,Regular,North,Retail,2022-06-18
C0489,31,Occasional,West,Online,2022-05-23
C0490,18,Premium,East,Partner,2022-02-05
C0491,32,Premium,West,Retail,2022-05-23
C0492,70,Regular,West,Partner,2022-06-29
C0493,36,Regular,West,App,2022-11-25
C0494,18,Regular,West,Online,2022-09-18
C0495,35,Regular,West,Retail,2022-07-24
C0496,45,Regular,Central,Partner,2022-12-14
C0497,30,Regular,Central,App,2022-10-02
C0498,30,Regular,East,App,2022-06-19
C0499,35,Occasional,East,Partner,2022-01-15
C0500,51,Occasional,West,Online,2022-03-01
C0501,32,Regular,North,App,2022-05-14
C0502,46,Regular,West,Retail,2022-04-02
C0503,37,Regular,Central,Retail,2022-10-25
C0504,30,Regular,West,Online,2022-05-16
C0505,50,Regular,South,App,2022-01-20
C0506,33,Occasional,South,Online,2022-02-25
C0507,45,Premium,South,Online,2022-11-02
C0508,41,Regular,East,App,2022-08-11
C0509,49,Regular,West,App,2022-06-26
C0510,53,Occasional,West,Online,2022-06-10
C0511,20,Occasional,North,Online,2022-08-12
C0512,49,Occasional,South,Retail,2022-11-07
C0513,45,Occasional,East,Online,2022-09-19
C0514,18,Regular,North,Online,2022-03-01
C0515,41,Occasional,West,Retail,2022-07-17
C0516,37,Occasional,South,Partner,2022-10-23
C0517,43,Premium,East,App,2022-04-08
C0518,57,Occasional,East,Online,2022-05-11
C0519,28,Occasional,Central,Online,2022-01-23
C0520,33,Occasional,South,Partner,2022-12-29
C0521,43,Premium,Central,App,2022-08-12
C0522,42,Regular,West,Online,2022-01-01
C0523,39,Premium,South,Online,2022-09-24
C0524,57,Regular,South,App,2022-10-03
C0525,22,Occasional,North,Partner,2022-12-18
C0526,22,Occasional,West,App,2022-12-10
C0527,33,Occasional,North,App,2022-04-11
C0528,32,Occasional,Central,App,2022-07-06
C0529,23,Premium,Central,App,2022-08-09
C0530,37,Occasional,Central,App,2022-02-05
C0531,18,Regular,East,Retail,2022-12-07
C0532,43,Regular,Central,Online,2022-06-19
C0533,54,Regular,West,Online,2022-11-16
C0534,50,Regular,North,Online,2022-06-10
C0535,61,Occasional,West,App,2022-12-06
C0536,32,Regular,West,Online,2022-03-05
C0537,26,Regular,North,Online,2022-06-03
C0538,19,Regular,Central,Online,2022-09-17
C0539,18,Regular,South,Online,2022-06-08
C0540,34,Regular,North,Online,2022-12-08
C0541,31,Occasional,East,App,2022-07-29
C0542,25,Regular,Central,Online,2022-06-17
C0543,37,Premium,South,App,2022-07-26
C0544,25,Occasional,East,App,2022-12-23
C0545,26,Regular,East,Partner,2022-06-01
C0546,18,Occasional,West,Online,2022-10-11
C0547,29,Regular,North,App,2022-03-07
C0548,36,Occasional,North,Online,2022-04-09
C0549,18,Premium,East,Retail,2022-08-04
C0550,26,Premium,North,Online,2022-12-07
C0551,37,Occasional,South,App,2022-07-14
C0552,40,Premium,West,Partner,2022-12-13
C0553,46,Occasional,North,Partner,2022-03-31
C0554,38,Premium,East,Online,2022-11-12
C0555,34,Regular,East,App,2022-10-19
C0556,32,Premium,North,App,2022-06-04
C0557,50,Occasional,West,App,2022-07-27
C0558,24,Regular,West,Online,2022-10-08
C0559,47,Regular,West,Retail,2022-01-01
C0560,26,Occasional,Central,Online,2022-06-05
C0561,44,Regular,West,App,2022-05-27
C0562,18,Occasional,South,Online,2022-04-18
C0563,21,Occasional,South,Online,2022-08-09
C0564,32,Premium,West,App,2022-10-24
C0565,28,Regular,South,App,2022-11-07
C0566,32,Regular,South,Online,2022-12-02
C0567,34,Occasional,North,App,2022-06-14
C0568,38,Premium,East,Partner,2022-08-27
C0569,29,Premium,South,Online,2022-08-15
C0570,33,Premium,West,App,2022-08-15
C0571,41,Premium,Central,Online,2022-12-12
C0572,31,Occasional,West,Retail,2022-04-20
C0573,33,Regular,South,App,2022-09-19
C0574,40,Regular,East,App,2022-08-31
C0575,42,Regular,South,Online,2022-03-28
C0576,41,Regular,North,Online,2022-12-04
C0577,18,Regular,North,Online,2022-02-13
C0578,43,Regular,East,Online,2022-05-26
C0579,48,Regular,North,Online,2022-09-21
C0580,58,Premium,East,App,2022-12-06
C0581,38,Regular,Central,Online,2022-11-21
C0582,40,Occasional,North,Retail,2022-11-14
C0583,42,Occasional,North,App,2022-06-21
C0584,30,Occasional,East,Retail,2022-02-17
C0585,18,Regular,North,Retail,2022-05-01
C0586,50,Regular,East,App,2022-12-11
C0587,47,Occasional,East,Retail,2022-06-08
C0588,37,Occasional,East,Partner,2022-04-26
C0589,32,Occasional,East,Retail,2022-04-12
C0590,33,Occasional,North,Retail,2022-03-17
C0591,42,Regular,Central,Online,2022-01-13
C0592,18,Regular,West,App,2022-01-24
C0593,25,Regular,South,Retail,2022-05-06
C0594,39,Regular,North,Partner,2022-09-01
C0595,46,Regular,North,App,2022-11-09
C0596,41,Occasional,West,Online,2022-02-07
C0597,44,Occasional,West,Retail,2022-08-22
C0598,44,Regular,North,App,2022-08-01
C0599,33,Regular,North,Online,2022-11-19
C0600,26,Premium,West,Partner,2022-10-22
C0601,18,Premium,East,Retail,2022-04-10
C0602,37,Occasional,North,Online,2022-12-23
C0603,18,Regular,South,Retail,2022-07-16
C0604,25,Occasional,East,Partner,2022-09-11
C0605,31,Regular,West,Partner,2022-07-24
C0606,18,Regular,South,App,2022-05-05
C0607,18,Regular,West,Online,2022-03-17
C0608,37,Occasional,South,App,2022-12-02
C0609,40,Regular,East,Online,2022-12-19
C0610,41,Occasional,South,App,2022-01-03
C0611,26,Regular,North,App,2022-02-24
C0612,30,Regular,North,App,2022-08-06
C0613,31,Occasional,North,Online,2022-04-23
C0614,36,Occasional,South,Online,2022-04-01
C0615,18,Occasional,South,Retail,2022-12-23
C0616,25,Occasional,East,Partner,2022-09-23
C0617,39,Premium,West,App,2022-08-26
C0618,33,Regular,West,App,2022-01-26
C0619,46,Occasional,West,Partner,2022-10-13
C0620,49,Occasional,South,Online,2022-05-08
C0621,42,Premium,South,Partner,2022-03-04
C0622,49,Regular,East,App,2022-08-22
C0623,28,Regular,North,Retail,2022-03-10
C0624,20,Regular,West,Retail,2022-08-26
C0625,42,Regular,Central,Online,2022-12-08
C0626,21,Occasional,West,Online,2022-09-29
C0627,39,Occasional,South,App,2022-10-14
C0628,24,Regular,West,Online,2022-11-01
C0629,31,Regular,North,Online,2022-06-12
C0630,42,Regular,South,Retail,2022-08-15
C0631,32,Regular,East,App,2022-11-10
C0632,23,Regular,North,App,2022-09-16
C0633,35,Occasional,South,Retail,2022-08-07
C0634,41,Occasional,East,Partner,2022-10-08
C0635,43,Premium,South,Online,2022-08-17
C0636,42,Regular,West,App,2022-03-23
C0637,20,Premium,South,App,2022-09-01
C0638,18,Occasional,West,Online,2022-08-19
C0639,37,Occasional,East,Online,2022-05-13
C0640,37,Regular,North,Online,2022-05-07
C0641,33,Occasional,East,Online,2022-11-23
C0642,18,Occasional,Central,Retail,2022-05-22
C0643,35,Occasional,North,Online,2022-09-24
C0644,37,Regular,North,Online,2022-09-06
C0645,50,Regular,North,Retail,2022-11-17
C0646,41,Regular,South,App,2022-05-03
C0647,25,Occasional,South,App,2022-05-21
C0648,19,Occasional,West,Online,2022-08-14
C0649,24,Premium,Central,App,2022-02-09
C0650,60,Regular,East,App,2023-01-01
C0651,32,Occasional,East,App,2022-05-27
C0652,30,Regular,North,Online,2022-05-01
C0653,18,Premium,West,Partner,2022-05-20
C0654,31,Occasional,Central,Online,2022-06-21
C0655,18,Regular,East,Online,2022-06-13
C0656,40,Regular,Central,Online,2022-10-04
C0657,40,Occasional,North,App,2022-02-11
C0658,35,Occasional,South,App,2022-03-12
C0659,23,Regular,West,App,2022-03-19
C0660,40,Premium,North,Online,2022-04-29
C0661,19,Regular,West,App,2022-07-16
C0662,42,Premium,East,Online,2022-12-22
C0663,60,Premium,South,Online,2022-03-20
C0664,32,Occasional,Central,Online,2022-12-28
C0665,27,Regular,West,Partner,2022-04-20
C0666,50,Occasional,East,Online,2022-02-02
C0667,26,Regular,South,App,2022-08-01
C0668,44,Regular,North,Partner,2022-07-28
C0669,35,Regular,North,Online,2022-06-19
C0670,23,Regular,Central,Online,2022-10-05
C0671,36,Regular,East,App,2022-08-27
C0672,42,Occasional,South,Online,2022-08-01
C0673,32,Occasional,East,App,2022-02-01
C0674,46,Regular,East,Online,2022-04-16
C0675,45,Regular,North,Online,2022-08-04
C0676,29,Occasional,East,Online,2022-07-19
C0677,40,Regular,West,Retail,2022-10-27
C0678,39,Occasional,North,Retail,2022-12-23
C0679,18,Regular,North,Online,2022-01-11
C0680,38,Occasional,North,Online,2022-10-22
C0681,26,Occasional,South,Online,2022-07-14
C0682,35,Regular,South,Online,2022-09-02
C0683,43,Occasional,West,Online,2022-01-04
C0684,21,Regular,South,App,2022-06-30
C0685,29,Regular,Central,Retail,2022-06-02
C0686,40,Occasional,West,Online,2022-07-19
C0687,55,Premium,East,App,2022-08-03
C0688,46,Regular,West,App,2022-10-03
C0689,42,Regular,West,Retail,2022-10-07
C0690,18,Premium,East,App,2022-11-05
C0691,42,Occasional,West,App,2022-04-23
C0692,32,Regular,Central,App,2022-09-07
C0693,42,Regular,West,Online,2022-04-23
C0694,40,Regular,South,Partner,2022-05-20
C0695,40,Occasional,East,Partner,2022-08-12
C0696,44,Regular,South,Online,2022-09-06
C0697,43,Regular,North,Retail,2022-01-15
C0698,45,Premium,West,Partner,2022-07-19
C0699,18,Occasional,West,App,2022-06-22
C0700,30,Occasional,North,App,2022-12-09
C0701,43,Regular,West,App,2022-12-14
C0702,40,Regular,North,Retail,2022-07-27
C0703,29,Regular,Central,App,2022-03-26
C0704,24,Occasional,South,App,2022-08-28
C0705,49,Occasional,North,App,2022-03-07
C0706,38,Premium,East,Online,2022-11-15
C0707,22,Regular,South,App,2022-10-01
C0708,18,Regular,North,Retail,2022-01-14
C0709,28,Occasional,South,Online,2022-07-21
C0710,18,Regular,Central,App,2022-10-31
C0711,48,Regular,East,Retail,2022-10-16
C0712,52,Premium,South,Online,2022-12-06
C0713,39,Premium,East,Online,2022-01-14
C0714,34,Occasional,North,Online,2022-02-12
C0715,45,Regular,South,Online,2022-11-26
C0716,47,Regular,North,App,2022-08-08
C0717,23,Occasional,Central,App,2022-03-11
C0718,22,Premium,North,Partner,2022-08-25
C0719,28,Regular,West,App,2022-04-04
C0720,31,Regular,North,Partner,2022-01-26
C0721,44,Occasional,West,Online,2022-05-14
C0722,21,Regular,East,Retail,2022-07-14
C0723,41,Regular,East,App,2022-06-17
C0724,39,Occasional,East,Online,2022-04-19
C0725,18,Regular,Central,Online,2022-08-21
C0726,41,Occasional,North,App,2022-06-17
C0727,34,Premium,West,Partner,2022-06-22
C0728,32,Regular,South,Online,2022-07-14
C0729,55,Regular,South,App,2022-05-23
C0730,51,Premium,North,Retail,2022-08-04
C0731,25,Regular,South,Online,2022-05-10
C0732,26,Regular,West,App,2022-02-11
C0733,28,Occasional,West,Retail,2022-08-29
C0734,37,Occasional,Central,App,2022-01-10
C0735,40,Occasional,West,App,2022-10-04
C0736,20,Premium,South,Partner,2022-01-27
C0737,47,Regular,South,Retail,2022-06-29
C0738,63,Occasional,West,App,2022-04-25
C0739,18,Occasional,East,Online,2022-11-29
C0740,43,Regular,Central,Online,2022-02-05
C0741,28,Regular,North,Online,2022-11-30
C0742,45,Regular,North,App,2022-01-21
C0743,29,Occasional,South,Online,2022-01-16
C0744,52,Regular,North,Online,2022-05-07
C0745,44,Occasional,West,Online,2022-04-13
C0746,39,Regular,South,Online,2022-01-11
C0747,70,Regular,South,Retail,2022-11-15
C0748,49,Occasional,South,Partner,2022-03-20
C0749,33,Regular,East,Partner,2022-05-03
C0750,38,Occasional,North,Online,2022-03-06
C0751,37,Regular,Central,App,2022-08-31
C0752,70,Occasional,Central,App,2022-12-09
C0753,59,Regular,West,Online,2022-02-28
C0754,21,Occasional,South,Online,2022-10-16
C0755,46,Regular,North,Online,2022-04-22
C0756,46,Premium,North,Retail,2022-08-27
C0757,26,Premium,South,App,2022-12-25
C0758,19,Regular,South,Online,2022-05-12
C0759,18,Regular,Central,App,2022-07-08
C0760,28,Regular,East,Online,2022-03-27
C0761,57,Occasional,North,App,2022-11-07
C0762,39,Regular,Central,App,2022-11-07
C0763,22,Regular,North,Online,2022-02-28
C0764,36,Premium,West,Online,2022-03-25
C0765,45,Regular,East,Online,2022-06-09
C0766,32,Premium,West,Online,2022-02-25
C0767,66,Regular,West,Online,2022-10-24
C0768,21,Premium,West,App,2022-01-14
C0769,39,Occasional,East,Online,2022-06-09
C0770,39,Occasional,East,Online,2022-10-22
C0771,25,Regular,West,Partner,2022-12-13
C0772,34,Regular,North,Retail,2022-07-12
C0773,45,Occasional,North,App,2022-07-23
C0774,18,Premium,South,Retail,2022-04-12
C0775,18,Regular,South,Online,2022-02-08
C0776,42,Premium,South,App,2022-10-31
C0777,45,Occasional,North,Online,2022-12-20
C0778,50,Occasional,East,Online,2022-11-18
C0779,42,Regular,North,Retail,2022-05-05
C0780,43,Regular,West,Retail,2022-02-22
C0781,36,Premium,West,App,2022-12-23
C0782,51,Occasional,North,Online,2022-06-04
C0783,38,Occasional,West,App,2022-12-17
C0784,40,Occasional,Central,App,2022-11-04
C0785,22,Regular,West,Online,2022-03-03
C0786,39,Regular,South,Online,2022-10-17
C0787,30,Occasional,East,Online,2022-01-22
C0788,18,Premium,West,Online,2022-06-27
C0789,41,Occasional,South,App,2022-09-30
C0790,47,Regular,Central,App,2022-08-08
C0791,20,Regular,West,Online,2022-12-05
C0792,24,Regular,South,App,2022-07-09
C0793,41,Occasional,North,Online,2022-02-05
C0794,42,Occasional,South,Online,2022-09-17
C0795,39,Premium,West,Online,2022-11-28
C0796,18,Occasional,Central,Online,2022-06-24
C0797,39,Regular,East,Online,2022-01-07
C0798,38,Premium,Central,Online,2022-08-04
C0799,44,Occasional,Central,Online,2022-09-08
C0800,42,Premium,East,Online,2022-02-24
C0801,34,Occasional,East,Online,2022-08-10
C0802,33,Occasional,South,Online,2022-07-05
C0803,42,Occasional,North,Retail,2022-11-22
C0804,50,Regular,East,App,2022-08-24
C0805,37,Regular,Central,Retail,2022-12-29
C0806,47,Regular,West,Online,2022-03-20
C0807,40,Occasional,Central,Online,2022-08-11
C0808,18,Regular,North,Partner,2022-04-01
C0809,42,Regular,North,App,2022-09-25
C0810,45,Occasional,West,Online,2022-11-30
C0811,58,Occasional,West,Online,2022-05-19
C0812,35,Regular,West,App,2022-11-12
C0813,41,Regular,West,Retail,2022-10-03
C0814,24,Regular,North,Retail,2022-09-05
C0815,53,Occasional,West,Partner,2022-08-27
C0816,45,Regular,East,Online,2022-08-12
C0817,37,Regular,Central,App,2022-10-31
C0818,21,Regular,South,Online,2022-05-18
C0819,34,Premium,West,Retail,2022-06-15
C0820,29,Occasional,West,Online,2022-05-06
C0821,42,Regular,West,Partner,2022-02-14
C0822,25,Premium,Central,App,2022-05-23
C0823,34,Occasional,North,Online,2022-08-19
C0824,40,Premium,Central,Retail,2022-05-05
C0825,32,Premium,North,Online,2022-08-26
C0826,26,Regular,South,Online,2022-10-19
C0827,31,Occasional,West,Partner,2022-11-09
C0828,32,Regular,South,Retail,2022-12-09
C0829,20,Regular,North,Online,2022-07-14
C0830,22,Regular,West,Online,2022-06-22
C0831,42,Premium,South,Retail,2022-01-15
C0832,28,Regular,North,App,2022-09-11
C0833,41,Occasional,North,App,2022-06-16
C0834,18,Regular,North,App,2022-04-04
C0835,33,Premium,East,Online,2022-09-07
C0836,18,Occasional,North,Online,2022-04-19
C0837,55,Regular,West,Retail,2022-07-01
C0838,31,Occasional,South,App,2022-05-13
C0839,31,Regular,East,App,2022-06-24
C0840,45,Regular,East,Retail,2022-05-24
C0841,46,Regular,South,App,2022-11-02
C0842,30,Occasional,North,Online,2022-12-26
C0843,57,Regular,West,Online,2022-05-22
C0844,54,Regular,South,App,2022-10-12
C0845,37,Regular,South,Online,2022-01-06
C0846,21,Regular,West,Online,2022-09-22
C0847,21,Regular,West,Online,2022-04-08
C0848,37,Premium,East,Retail,2022-02-13
C0849,28,Occasional,South,Online,2022-05-04
C0850,40,Occasional,South,Online,2022-07-28
C0851,41,Occasional,North,App,2022-09-08
C0852,49,Regular,North,App,2022-10-12
C0853,23,Regular,Central,App,2022-05-04
C0854,26,Regular,West,Online,2022-12-20
C0855,18,Regular,Central,Retail,2022-09-01
C0856,29,Regular,West,Online,2022-11-27
C0857,36,Regular,Central,App,2022-12-31
C0858,18,Regular,North,Online,2022-09-09
C0859,18,Occasional,North,Online,2022-08-18
C0860,55,Regular,South,Online,2022-01-09
C0861,28,Regular,South,Online,2022-02-17
C0862,38,Regular,West,Online,2022-05-31
C0863,28,Occasional,South,App,2022-04-24
C0864,39,Regular,Central,Online,2022-07-27
C0865,36,Occasional,South,Online,2022-12-21
C0866,50,Premium,Central,App,2022-05-05
C0867,33,Regular,West,Online,2022-06-06
C0868,37,Occasional,Central,Retail,2022-12-06
C0869,24,Regular,Central,Online,2022-10-25
C0870,46,Occasional,West,App,2022-07-08
C0871,27,Regular,South,Online,2022-08-31
C0872,32,Occasional,Central,Online,2022-10-11
C0873,42,Premium,North,Online,2022-09-29
C0874,32,Regular,North,Partner,2022-06-26
C0875,36,Regular,East,App,2022-08-06
C0876,18,Occasional,West,App,2022-10-09
C0877,23,Regular,Central,Retail,2022-06-19
C0878,55,Occasional,South,App,2022-06-30
C0879,25,Regular,South,Online,2022-12-26
C0880,27,Occasional,North,App,2022-08-21
C0881,18,Regular,South,App,2022-05-19
C0882,38,Regular,North,Online,2022-06-06
C0883,45,Regular,West,App,2022-05-09
C0884,36,Occasional,West,App,2022-04-29
C0885,43,Regular,South,Online,2022-03-03
C0886,38,Occasional,West,Online,2022-04-09
C0887,21,Premium,Central,Online,2022-06-11
C0888,63,Premium,East,App,2022-03-03
C0889,35,Regular,North,Online,2022-10-02
C0890,32,Regular,South,Partner,2022-12-20
C0891,18,Premium,North,App,2022-04-05
C0892,24,Regular,South,App,2022-04-09
C0893,40,Regular,West,Retail,2022-04-21
C0894,18,Regular,South,Online,2022-09-05
C0895,27,Regular,North,App,2022-05-22
C0896,47,Regular,West,Online,2022-10-29
C0897,49,Occasional,South,App,2022-09-26
C0898,29,Regular,Central,Online,2022-11-02
C0899,37,Regular,North,App,2022-05-25
C0900,40,Regular,North,App,2022-02-21
C0901,35,Occasional,North,Online,2022-04-10
C0902,40,Premium,West,Partner,2022-06-01
C0903,27,Regular,East,Online,2022-04-27
C0904,37,Occasional,West,App,2022-07-04
C0905,18,Premium,South,Online,2022-04-02
C0906,26,Occasional,West,Online,2022-06-04
C0907,20,Regular,West,Online,2022-01-08
C0908,30,Regular,North,Retail,2022-12-29
C0909,18,Regular,West,Partner,2022-10-01
C0910,38,Regular,Central,Partner,2022-03-06
C0911,37,Regular,East,Retail,2022-05-21
C0912,43,Regular,West,Online,2022-01-24
C0913,44,Premium,West,App,2022-01-28
C0914,41,Occasional,East,Online,2022-10-11
C0915,32,Occasional,East,App,2022-05-30
C0916,38,Regular,East,Online,2022-12-24
C0917,33,Occasional,South,App,2022-03-06
C0918,40,Occasional,Central,Online,2022-11-23
C0919,26,Occasional,North,App,2022-09-09
C0920,45,Occasional,West,Online,2022-02-22
C0921,19,Regular,East,Online,2022-01-07
C0922,41,Regular,North,Online,2022-10-21
C0923,39,Premium,South,Online,2022-05-26
C0924,38,Premium,West,App,2022-08-29
C0925,29,Premium,West,Partner,2022-09-03
C0926,27,Premium,South,Retail,2022-08-14
C0927,33,Premium,North,App,2022-06-24
C0928,43,Regular,North,App,2022-04-05
C0929,33,Regular,South,Partner,2022-01-27
C0930,34,Regular,South,App,2022-05-10
C0931,40,Regular,East,Online,2022-09-02
C0932,31,Regular,West,Retail,2022-02-28
C0933,26,Occasional,Central,Online,2022-02-03
C0934,26,Regular,South,Retail,2022-07-25
C0935,18,Regular,South,App,2022-09-09
C0936,30,Regular,East,Retail,2022-02-07
C0937,27,Premium,South,Online,2022-10-23
C0938,40,Regular,West,Online,2022-11-19
C0939,33,Occasional,North,App,2022-12-18
C0940,30,Regular,Central,Retail,2022-01-28
C0941,22,Regular,South,App,2022-03-19
C0942,25,Occasional,West,Retail,2022-03-18
C0943,21,Occasional,South,App,2022-10-16
C0944,31,Regular,North,Partner,2022-06-05
C0945,45,Occasional,South,App,2022-02-13
C0946,56,Regular,East,Online,2022-05-08
C0947,43,Occasional,North,Partner,2022-03-02
C0948,18,Occasional,West,App,2022-10-13
C0949,23,Occasional,South,Retail,2022-08-02
C0950,26,Premium,North,Partner,2022-11-07
C0951,45,Regular,West,App,2022-11-02
C0952,40,Regular,West,App,2022-11-13
C0953,18,Occasional,South,App,2022-04-26
C0954,28,Regular,West,App,2022-09-25
C0955,38,Occasional,North,App,2022-07-14
C0956,23,Regular,East,Partner,2022-08-19
C0957,29,Premium,North,Online,2022-08-15
C0958,18,Premium,West,Online,2022-06-02
C0959,19,Regular,West,Partner,2022-10-29
C0960,37,Premium,Central,App,2022-08-08
C0961,35,Premium,North,App,2022-06-06
C0962,69,Regular,Central,Online,2022-10-19
C0963,40,Regular,East,App,2022-11-14
C0964,26,Occasional,West,App,2022-01-31
C0965,39,Regular,North,Online,2022-11-09
C0966,36,Regular,West,App,2022-02-20
C0967,32,Occasional,South,App,2022-04-17
C0968,35,Regular,South,Online,2022-11-17
C0969,37,Premium,East,App,2022-04-19
C0970,42,Occasional,North,Online,2022-05-16
C0971,24,Regular,North,App,2022-12-05
C0972,51,Occasional,Central,App,2022-02-11
C0973,24,Regular,South,App,2022-03-22
C0974,35,Regular,South,Online,2022-05-03
C0975,27,Regular,Central,Online,2022-03-30
C0976,31,Regular,Central,Partner,2022-10-10
C0977,50,Regular,South,Online,2022-02-08
C0978,39,Occasional,West,Online,2022-03-22
C0979,39,Premium,East,App,2022-01-02
C0980,23,Occasional,West,Retail,2022-07-29
C0981,56,Regular,North,Online,2022-08-19
C0982,34,Regular,East,App,2022-12-19
C0983,30,Premium,Central,Online,2022-11-01
C0984,39,Regular,East,App,2022-08-29
C0985,37,Regular,South,App,2022-05-30
C0986,24,Occasional,North,App,2022-01-17
C0987,21,Regular,West,Retail,2022-04-29
C0988,45,Occasional,East,App,2022-05-28
C0989,51,Regular,North,App,2022-12-28
C0990,18,Regular,South,Partner,2022-05-25
C0991,22,Occasional,South,Retail,2022-12-26
C0992,49,Regular,East,Partner,2022-08-21
C0993,28,Regular,Central,Online,2022-02-06
C0994,30,Premium,South,App,2022-12-18
C0995,40,Occasional,East,Online,2022-04-30
C0996,23,Regular,North,Retail,2022-05-16
C0997,18,Occasional,East,App,2022-11-17
C0998,18,Premium,West,Partner,2022-10-29
C0999,39,Regular,East,App,2022-12-05
C1000,36,Regular,East,Online,2022-04-12
C1001,31,Regular,West,Online,2022-08-06
C1002,23,Premium,East,App,2022-02-28
C1003,37,Regular,West,App,2022-10-06
C1004,47,Premium,East,Partner,2022-04-26
C1005,18,Premium,North,Online,2022-11-28
C1006,25,Regular,North,Partner,2022-03-18
C1007,41,Occasional,North,App,2022-05-17
C1008,52,Regular,West,Retail,2022-03-14
C1009,37,Premium,Central,Partner,2022-02-06
C1010,33,Regular,West,Online,2022-01-31
C1011,40,Regular,Central,App,2022-03-26
C1012,18,Regular,West,Partner,2022-06-07
C1013,26,Regular,West,Online,2022-11-01
C1014,30,Premium,East,Partner,2022-10-19
C1015,19,Regular,North,Retail,2022-05-28
C1016,28,Occasional,East,Online,2022-08-13
C1017,38,Occasional,West,Retail,2022-03-05
C1018,51,Regular,East,Partner,2022-08-28
C1019,62,Regular,West,App,2022-12-19
C1020,45,Regular,North,App,2022-06-05
C1021,36,Regular,West,Online,2022-12-25
C1022,54,Regular,North,Online,2022-07-26
C1023,29,Premium,South,App,2022-05-20
C1024,19,Regular,South,Retail,2022-09-14
C1025,35,Premium,North,App,2022-10-04
C1026,20,Regular,Central,App,2022-09-10
C1027,37,Regular,North,Partner,2022-08-13
C1028,18,Occasional,South,Online,2022-02-11
C1029,33,Premium,East,Online,2022-11-03
C1030,34,Regular,Central,App,2022-01-21
C1031,46,Premium,North,App,2022-08-10
C1032,18,Regular,East,App,2022-06-15
C1033,30,Regular,North,Online,2022-11-06
C1034,34,Occasional,East,App,2022-05-09
C1035,23,Regular,North,Online,2022-01-14
C1036,18,Occasional,West,App,2022-02-16
C1037,44,Premium,South,Online,2022-04-28
C1038,34,Occasional,Central,Online,2022-12-12
C1039,35,Regular,South,Online,2022-10-22
C1040,35,Occasional,North,Retail,2022-10-28
C1041,49,Regular,East,Retail,2022-01-11
C1042,24,Occasional,Central,Online,2022-12-11
C1043,25,Regular,East,Online,2022-05-18
C1044,40,Regular,Central,Online,2022-10-23
C1045,23,Premium,North,Partner,2022-01-21
C1046,54,Occasional,Central,Partner,2022-03-31
C1047,28,Occasional,East,Online,2022-08-29
C1048,20,Regular,East,App,2022-09-23
C1049,33,Regular,East,Online,2022-11-30
C1050,20,Occasional,North,Online,2022-08-15
C1051,38,Regular,West,App,2022-05-23
C1052,52,Occasional,West,App,2022-04-03
C1053,21,Regular,East,App,2022-10-27
C1054,34,Regular,South,Online,2022-08-12
C1055,18,Occasional,North,App,2022-11-22
C1056,34,Occasional,North,App,2022-09-09
C1057,37,Regular,East,App,2022-02-16
C1058,25,Occasional,North,Online,2022-08-29
C1059,37,Occasional,East,Retail,2022-06-28
C1060,47,Regular,West,Partner,2022-07-29
C1061,19,Regular,North,Online,2022-06-20
C1062,38,Regular,East,App,2022-06-14
C1063,58,Premium,North,Online,2022-12-10
C1064,20,Regular,North,Online,2022-02-23
C1065,49,Premium,West,App,2022-03-24
C1066,30,Occasional,Central,Online,2022-06-18
C1067,62,Occasional,West,Partner,2022-07-30
C1068,18,Occasional,West,Online,2022-12-22
C1069,39,Regular,South,Online,2022-09-11
C1070,32,Occasional,East,App,2022-05-28
C1071,44,Occasional,South,Online,2022-12-06
C1072,25,Regular,Central,App,2022-07-25
C1073,32,Occasional,West,App,2022-10-09
C1074,39,Occasional,South,Online,2022-01-19
C1075,49,Regular,North,App,2022-08-21
C1076,45,Regular,East,App,2022-02-15
C1077,24,Regular,South,Online,2022-06-11
C1078,44,Occasional,Central,Online,2022-05-10
C1079,40,Occasional,North,Partner,2022-06-15
C1080,38,Regular,South,Online,2022-03-01
C1081,23,Regular,South,Retail,2022-07-26
C1082,34,Occasional,South,Retail,2022-09-21
C1083,39,Premium,West,Partner,2022-01-01
C1084,41,Occasional,South,App,2022-12-03
C1085,36,Premium,South,Retail,2022-10-05
C1086,61,Occasional,North,Partner,2022-08-25
C1087,49,Occasional,West,Partner,2022-07-31
C1088,19,Regular,Central,Online,2022-01-28
C1089,47,Occasional,South,Retail,2022-04-07
C1090,45,Regular,North,App,2022-09-23
C1091,49,Regular,North,Retail,2022-07-05
C1092,33,Regular,North,App,2022-11-15
C1093,64,Regular,West,Retail,2022-09-13
C1094,38,Occasional,North,Retail,2022-11-17
C1095,49,Regular,Central,App,2022-08-15
C1096,47,Premium,East,Retail,2022-01-27
C1097,47,Regular,South,Partner,2022-04-15
C1098,52,Regular,West,Online,2022-05-17
C1099,40,Regular,South,Online,2022-10-09
C1100,35,Regular,East,Retail,2022-03-09
C1101,70,Premium,Central,Online,2022-05-28
C1102,62,Premium,West,App,2022-08-13
C1103,18,Occasional,North,Retail,2022-12-24
C1104,18,Regular,East,App,2022-09-06
C1105,45,Regular,South,App,2022-03-04
C1106,25,Occasional,East,Partner,2022-01-15
C1107,29,Regular,East,Online,2022-11-19
C1108,33,Premium,Central,Retail,2022-11-08
C1109,26,Premium,North,App,2022-05-03
C1110,41,Occasional,East,Online,2022-12-30
C1111,18,Regular,West,App,2022-03-23
C1112,37,Premium,North,Partner,2022-06-09
C1113,50,Regular,East,App,2022-10-10
C1114,29,Regular,Central,Retail,2022-01-08
C1115,38,Regular,Central,Retail,2022-10-10
C1116,34,Regular,East,Partner,2022-07-28
C1117,23,Premium,East,Online,2022-02-17
C1118,50,Occasional,South,Retail,2022-04-26
C1119,25,Premium,North,App,2022-02-28
C1120,25,Regular,East,Online,2022-08-25
C1121,18,Premium,Central,Online,2022-03-02
C1122,33,Regular,South,Online,2022-11-28
C1123,40,Premium,West,Online,2022-03-20
C1124,28,Premium,Central,Online,2022-09-13
C1125,37,Premium,Central,Online,2022-05-30
C1126,50,Occasional,North,Retail,2022-09-18
C1127,35,Occasional,Central,Partner,2022-12-28
C1128,31,Occasional,Central,Online,2022-05-20
C1129,23,Regular,South,App,2022-08-01
C1130,22,Regular,West,Online,2022-09-05
C1131,35,Occasional,West,App,2022-08-30
C1132,18,Regular,East,Online,2022-05-05
C1133,19,Premium,South,Partner,2022-08-22
C1134,18,Occasional,South,Online,2022-10-10
C1135,30,Occasional,North,Retail,2022-03-16
C1136,20,Premium,Central,Online,2022-07-16
C1137,26,Regular,North,Online,2022-04-08
C1138,49,Occasional,Central,Retail,2022-11-03
C1139,49,Premium,South,Online,2022-09-18
C1140,40,Regular,South,Online,2022-03-11
C1141,49,Regular,North,Online,2022-02-05
C1142,39,Regular,South,App,2022-05-22
C1143,54,Regular,West,Online,2022-08-01
C1144,44,Regular,West,Online,2022-06-24
C1145,50,Premium,West,Online,2022-09-17
C1146,21,Premium,West,Online,2022-05-17
C1147,26,Premium,South,Online,2022-01-02
C1148,32,Occasional,North,App,2022-05-25
C1149,30,Occasional,North,Partner,2022-06-02
C1150,26,Regular,West,App,2022-10-28
C1151,36,Regular,North,Online,2022-10-24
C1152,46,Occasional,South,Online,2022-12-04
C1153,26,Occasional,West,App,2022-09-08
C1154,49,Occasional,North,Online,2022-03-18
C1155,18,Occasional,Central,Online,2022-08-17
C1156,32,Regular,Central,Online,2022-10-03
C1157,18,Occasional,East,Retail,2022-09-05
C1158,33,Occasional,South,Online,2022-06-26
C1159,30,Occasional,Central,App,2022-06-20
C1160,47,Occasional,West,Retail,2022-10-10
C1161,28,Regular,West,App,2022-10-06
C1162,33,Occasional,South,App,2022-07-13
C1163,42,Regular,North,Online,2022-08-22
C1164,26,Occasional,East,Online,2022-06-14
C1165,33,Regular,Central,App,2022-04-07
C1166,41,Occasional,South,Online,2022-12-24
C1167,31,Premium,North,Partner,2022-05-03
C1168,30,Regular,West,Retail,2022-10-20
C1169,20,Occasional,West,App,2022-07-16
C1170,37,Occasional,Central,App,2022-04-30
C1171,49,Premium,Central,Online,2022-07-30
C1172,19,Regular,West,App,2022-01-23
C1173,27,Occasional,South,Retail,2022-06-12
C1174,18,Premium,West,Retail,2022-08-31
C1175,31,Regular,West,App,2022-12-28
C1176,19,Regular,North,Online,2022-07-15
C1177,33,Regular,Central,App,2022-07-17
C1178,32,Regular,Central,App,2022-12-06
C1179,35,Regular,North,App,2022-11-30
C1180,44,Premium,South,App,2022-03-19
C1181,59,Regular,South,App,2022-09-11
C1182,50,Occasional,West,Partner,2022-01-19
C1183,41,Regular,West,App,2022-03-06
C1184,52,Regular,East,App,2022-09-15
C1185,37,Regular,West,Online,2022-10-30
C1186,18,Premium,East,App,2022-06-19
C1187,18,Regular,South,Partner,2022-02-21
C1188,29,Occasional,East,Online,2022-08-14
C1189,18,Occasional,North,App,2022-02-21
C1190,31,Occasional,East,Online,2022-09-27
C1191,35,Regular,South,App,2022-08-22
C1192,40,Regular,North,Online,2022-01-08
C1193,29,Regular,East,Retail,2022-03-15
C1194,42,Premium,East,Online,2022-07-29
C1195,34,Occasional,South,Online,2022-12-02
C1196,28,Premium,East,App,2022-03-21
C1197,18,Regular,North,Online,2022-02-08
C1198,44,Premium,West,Partner,2022-08-29
C1199,54,Regular,West,App,2022-05-16
C1200,44,Regular,West,Online,2022-06-23
C1201,41,Premium,East,Partner,2022-11-16
C1202,32,Regular,East,Online,2022-12-21
C1203,46,Regular,East,Online,2022-07-23
C1204,30,Premium,Central,Online,2022-11-29
C1205,26,Occasional,Central,App,2022-02-11
C1206,37,Premium,East,Retail,2022-06-18
C1207,46,Regular,Central,App,2022-12-12
C1208,32,Premium,South,Online,2022-10-01
C1209,37,Occasional,South,Online,2022-07-14
C1210,38,Occasional,East,Online,2022-06-12
C1211,29,Regular,East,Online,2022-11-17
C1212,36,Occasional,North,Online,2022-09-07
C1213,42,Regular,East,Online,2022-10-05
C1214,26,Premium,East,Retail,2022-01-19
C1215,45,Regular,West,Online,2022-11-13
C1216,35,Occasional,West,Partner,2022-02-05
C1217,21,Occasional,South,Online,2022-05-01
C1218,52,Occasional,West,Partner,2022-11-20
C1219,42,Occasional,North,Online,2022-12-17
C1220,27,Regular,South,Partner,2022-05-28
C1221,51,Occasional,South,Retail,2022-04-27
C1222,45,Regular,Central,Online,2022-02-16
C1223,48,Regular,West,Online,2022-08-11
C1224,25,Occasional,South,Online,2022-02-20
C1225,32,Regular,South,Online,2022-11-21
C1226,18,Premium,East,Retail,2022-12-27
C1227,38,Occasional,East,App,2022-02-21
C1228,21,Regular,East,Online,2022-08-16
C1229,47,Premium,South,Partner,2022-03-27
C1230,50,Regular,East,Partner,2022-12-22
C1231,42,Occasional,Central,App,2022-06-03
C1232,54,Regular,South,Partner,2022-01-15
C1233,28,Occasional,East,Online,2022-01-24
C1234,37,Regular,East,Retail,2022-06-16
C1235,41,Regular,North,Partner,2022-01-29
C1236,29,Regular,South,App,2022-05-31
C1237,29,Regular,North,Online,2022-07-03
C1238,44,Occasional,East,Online,2022-07-11
C1239,29,Occasional,South,Partner,2022-08-09
C1240,23,Regular,North,Retail,2022-03-16
C1241,56,Occasional,North,Online,2022-05-06
C1242,30,Occasional,South,Online,2022-09-29
C1243,29,Regular,West,Online,2022-07-30
C1244,39,Premium,West,Online,2022-10-17
C1245,39,Regular,East,App,2022-12-16
C1246,38,Regular,Central,Retail,2022-04-03
C1247,48,Occasional,Central,App,2022-03-29
C1248,18,Regular,South,Partner,2022-03-31
C1249,37,Regular,South,Online,2022-02-10
C1250,21,Occasional,North,App,2022-11-09
C1251,40,Regular,South,Online,2022-07-15
C1252,18,Regular,Central,Partner,2022-11-14
C1253,44,Occasional,North,Retail,2022-12-16
C1254,18,Occasional,North,Online,2022-05-04
C1255,35,Premium,South,Online,2022-09-12
C1256,41,Occasional,West,Partner,2022-10-26
C1257,38,Regular,East,Online,2022-03-15
C1258,18,Occasional,Central,App,2022-04-29
C1259,18,Regular,West,App,2022-08-25
C1260,41,Occasional,West,Online,2022-11-23
C1261,27,Regular,South,Online,2022-05-11
C1262,41,Occasional,East,Retail,2022-08-24
C1263,18,Occasional,South,Online,2022-05-11
C1264,45,Regular,South,Online,2022-12-08
C1265,36,Regular,Central,App,2022-01-05
C1266,61,Occasional,North,App,2022-08-27
C1267,37,Occasional,South,Online,2022-05-28
C1268,47,Regular,South,Retail,2022-12-13
C1269,44,Occasional,East,Online,2022-10-07
C1270,31,Regular,West,Online,2022-03-22
C1271,33,Regular,South,App,2022-02-07
C1272,28,Regular,North,Online,2022-08-15
C1273,34,Regular,East,Partner,2022-06-26
C1274,39,Regular,West,App,2022-10-28
C1275,25,Occasional,North,App,2022-06-03
C1276,37,Occasional,North,Retail,2022-11-24
C1277,18,Premium,Central,Online,2022-08-06
C1278,32,Regular,South,App,2022-12-20
C1279,22,Regular,South,Online,2022-05-09
C1280,36,Regular,West,Online,2022-08-22
C1281,19,Occasional,Central,Retail,2022-06-04
C1282,18,Regular,North,Online,2022-04-12
C1283,35,Occasional,Central,Retail,2022-07-16
C1284,18,Regular,West,Online,2022-09-05
C1285,36,Premium,East,Online,2022-02-24
C1286,30,Occasional,West,Online,2022-05-02
C1287,27,Regular,West,App,2022-07-15
C1288,45,Occasional,South,App,2022-10-20
C1289,44,Regular,West,App,2022-07-03
C1290,37,Regular,East,Online,2022-10-22
C1291,46,Regular,West,App,2022-06-01
C1292,37,Premium,South,App,2022-12-25
C1293,23,Regular,South,Online,2022-06-01
C1294,28,Regular,North,Partner,2022-01-12
C1295,39,Premium,West,Retail,2022-12-04
C1296,43,Occasional,North,App,2022-07-22
C1297,38,Regular,East,App,2022-05-21
C1298,49,Premium,West,Online,2022-01-05
C1299,18,Regular,North,App,2022-10-17
C1300,28,Occasional,North,Online,2022-12-18
C1301,18,Premium,West,Retail,2022-01-26
C1302,59,Occasional,West,Online,2022-11-07
C1303,27,Regular,South,Partner,2022-09-12
C1304,30,Regular,West,App,2022-05-27
C1305,38,Regular,West,Online,2022-04-28
C1306,28,Occasional,South,Online,2022-11-07
C1307,47,Occasional,Central,Partner,2022-06-30
C1308,46,Premium,West,App,2022-04-23
C1309,24,Occasional,Central,Partner,2022-11-22
C1310,39,Regular,North,Online,2022-04-08
C1311,41,Regular,North,Online,2022-11-14
C1312,45,Regular,Central,App,2022-05-09
C1313,38,Premium,Central,Online,2022-12-14
C1314,18,Regular,South,App,2022-12-04
C1315,50,Regular,South,Online,2022-12-15
C1316,46,Occasional,North,App,2022-03-12
C1317,18,Premium,West,Retail,2022-11-18
C1318,18,Regular,East,Retail,2022-02-19
C1319,30,Regular,North,Online,2022-11-18
C1320,41,Occasional,West,Retail,2022-11-27
C1321,18,Regular,North,Retail,2022-01-21
C1322,25,Regular,North,Online,2022-06-08
C1323,48,Premium,North,App,2022-08-14
C1324,38,Occasional,South,Online,2022-01-18
C1325,18,Premium,West,App,2022-10-24
C1326,42,Regular,West,App,2022-07-06
C1327,28,Premium,North,App,2022-03-09
C1328,21,Occasional,Central,App,2022-02-16
C1329,38,Regular,West,App,2022-06-01
C1330,50,Occasional,North,App,2022-06-17
C1331,29,Regular,South,Partner,2022-08-01
C1332,44,Premium,East,Online,2022-03-31
C1333,24,Regular,East,Partner,2022-04-13
C1334,41,Regular,North,Retail,2022-03-09
C1335,45,Premium,West,Online,2022-10-04
C1336,35,Regular,West,App,2022-07-07
C1337,25,Regular,East,Partner,2022-09-29
C1338,47,Regular,South,Online,2022-09-14
C1339,18,Occasional,South,Retail,2022-05-20
C1340,39,Premium,West,Partner,2022-03-26
C1341,42,Occasional,South,Online,2022-05-12
C1342,34,Regular,North,Online,2022-09-04
C1343,32,Occasional,North,Online,2022-06-01
C1344,24,Regular,North,Online,2022-06-23
C1345,29,Occasional,East,App,2022-02-28
C1346,47,Occasional,West,Online,2022-08-28
C1347,34,Occasional,East,Retail,2022-02-08
C1348,28,Occasional,North,App,2022-03-14
C1349,43,Premium,West,Partner,2022-04-26
C1350,27,Regular,West,Online,2022-12-13
C1351,18,Occasional,Central,Partner,2022-12-12
C1352,27,Regular,Central,App,2022-07-23
C1353,33,Regular,Central,App,2022-10-13
C1354,34,Occasional,South,App,2022-07-07
C1355,34,Regular,North,Retail,2022-02-16
C1356,31,Regular,West,Online,2022-07-22
C1357,24,Premium,Central,Online,2022-01-08
C1358,37,Occasional,Central,Online,2022-05-16
C1359,45,Occasional,Central,App,2022-10-02
C1360,20,Occasional,North,Partner,2022-03-05
C1361,27,Regular,West,Online,2022-08-21
C1362,31,Premium,South,Partner,2022-07-08
C1363,20,Regular,Central,Retail,2022-12-11
C1364,56,Regular,North,Online,2022-12-11
C1365,37,Occasional,East,Retail,2022-05-15
C1366,23,Regular,West,App,2022-10-27
C1367,29,Regular,North,Online,2022-07-15
C1368,22,Regular,Central,App,2022-11-23
C1369,31,Occasional,East,Retail,2022-07-10
C1370,50,Regular,West,App,2022-02-25
C1371,21,Premium,North,Retail,2022-12-12
C1372,31,Regular,North,App,2022-04-30
C1373,35,Regular,Central,Retail,2022-08-30
C1374,18,Occasional,East,Retail,2022-01-13
C1375,35,Regular,East,Online,2022-11-14
C1376,31,Regular,West,Online,2022-10-15
C1377,24,Occasional,East,Online,2022-06-17
C1378,44,Regular,West,Retail,2022-11-09
C1379,18,Occasional,West,Online,2022-04-24
C1380,28,Regular,North,App,2022-11-28
C1381,18,Regular,Central,Retail,2022-02-02
C1382,18,Regular,West,App,2022-11-22
C1383,18,Regular,South,Partner,2022-08-26
C1384,34,Regular,Central,App,2022-12-25
C1385,43,Premium,South,Online,2022-06-04
C1386,60,Regular,East,Retail,2022-11-29
C1387,28,Regular,Central,App,2022-07-29
C1388,29,Regular,East,Online,2022-03-01
C1389,42,Premium,Central,Online,2022-03-13
C1390,18,Regular,South,App,2022-01-24
C1391,43,Regular,Central,Online,2022-01-20
C1392,48,Regular,South,Partner,2022-06-05
C1393,52,Occasional,North,Online,2022-09-10
C1394,26,Regular,East,Online,2022-03-01
C1395,34,Regular,North,App,2022-02-19
C1396,37,Occasional,North,Online,2022-05-01
C1397,41,Premium,West,Online,2022-10-03
C1398,50,Regular,West,Retail,2022-03-11
C1399,41,Regular,West,App,2022-07-18
C1400,33,Occasional,Central,Online,2022-08-21
C1401,27,Occasional,Central,Online,2022-07-09
C1402,42,Occasional,North,Online,2022-12-10
C1403,63,Regular,North,Partner,2022-12-23
C1404,49,Premium,North,Online,2022-10-04
C1405,43,Occasional,West,Online,2022-08-03
C1406,36,Regular,East,App,2022-10-28
C1407,37,Regular,West,App,2022-03-21
C1408,29,Premium,West,Online,2022-08-01
C1409,38,Regular,Central,App,2022-12-02
C1410,46,Premium,West,Online,2022-02-20
C1411,41,Occasional,East,App,2022-09-08
C1412,40,Occasional,North,App,2022-11-12
C1413,24,Regular,Central,Retail,2022-07-28
C1414,36,Premium,North,Online,2022-05-24
C1415,28,Regular,South,Retail,2022-01-17
C1416,38,Regular,West,Online,2022-12-20
C1417,43,Premium,Central,App,2022-07-09
C1418,39,Premium,East,Online,2022-04-22
C1419,47,Premium,East,Retail,2022-08-16
C1420,44,Occasional,East,Partner,2022-08-16
C1421,18,Occasional,East,App,2022-05-01
C1422,44,Regular,West,Retail,2022-07-05
C1423,18,Regular,East,Online,2022-02-20
C1424,23,Occasional,East,Online,2022-12-18
C1425,31,Occasional,South,Online,2022-07-08
C1426,30,Regular,South,Online,2022-10-06
C1427,40,Regular,South,Online,2022-11-27
C1428,18,Occasional,South,Online,2022-07-03
C1429,31,Occasional,North,App,2022-02-01
C1430,18,Premium,East,Retail,2022-07-23
C1431,44,Regular,West,Online,2022-05-22
C1432,18,Occasional,North,Retail,2022-04-08
C1433,50,Regular,Central,Online,2022-03-04
C1434,24,Regular,East,Online,2022-08-21
C1435,34,Occasional,East,Online,2022-02-16
C1436,37,Occasional,West,Partner,2022-12-06
C1437,45,Premium,North,Online,2022-04-19
C1438,20,Occasional,West,Retail,2022-11-25
C1439,18,Regular,South,Online,2022-11-24
C1440,36,Occasional,East,Online,2022-11-02
C1441,43,Regular,West,App,2022-01-11
C1442,33,Regular,North,Retail,2022-01-26
C1443,28,Regular,East,App,2022-06-20
C1444,40,Occasional,East,App,2022-05-05
C1445,45,Premium,West,Online,2022-03-06
C1446,46,Regular,South,Online,2022-10-17
C1447,34,Regular,Central,Online,2022-04-16
C1448,18,Premium,North,App,2022-02-05
C1449,70,Regular,North,Online,2022-10-11
C1450,51,Regular,East,Online,2022-04-17
C1451,26,Premium,North,App,2022-10-28
C1452,46,Regular,West,Partner,2022-04-21
C1453,24,Regular,West,Online,2022-04-30
C1454,40,Premium,West,Online,2022-06-18
C1455,37,Premium,Central,Online,2022-03-17
C1456,42,Regular,East,Online,2022-11-02
C1457,22,Regular,South,Retail,2022-01-02
C1458,34,Occasional,North,Online,2022-05-22
C1459,22,Occasional,West,Online,2022-03-16
C1460,30,Regular,North,App,2022-03-08
C1461,28,Regular,Central,App,2022-10-04
C1462,50,Regular,South,Retail,2022-05-09
C1463,51,Occasional,Central,Partner,2022-03-31
C1464,50,Premium,East,App,2022-02-26
C1465,42,Regular,West,App,2022-12-05
C1466,51,Premium,East,Online,2022-01-14
C1467,48,Regular,West,Retail,2022-03-09
C1468,18,Regular,North,Retail,2022-01-08
C1469,35,Occasional,North,Online,2022-07-03
C1470,49,Regular,South,Partner,2022-05-02
C1471,35,Regular,West,Online,2022-10-29
C1472,26,Regular,West,Online,2022-06-15
C1473,37,Occasional,West,Online,2022-01-09
C1474,50,Regular,Central,Online,2022-03-31
C1475,34,Premium,South,Partner,2022-05-16
C1476,41,Regular,Central,Retail,2022-01-27
C1477,27,Occasional,South,Retail,2022-03-06
C1478,32,Regular,East,Retail,2022-08-04
C1479,22,Regular,South,App,2022-09-27
C1480,18,Occasional,South,App,2022-02-28
C1481,20,Regular,Central,App,2022-02-02
C1482,45,Regular,West,Online,2022-09-01
C1483,37,Regular,South,Online,2022-08-18
C1484,63,Regular,Central,Online,2022-07-05
C1485,27,Premium,West,App,2022-09-20
C1486,34,Regular,South,App,2022-10-31
C1487,29,Regular,South,Online,2022-02-25
C1488,29,Regular,West,Retail,2022-08-20
C1489,26,Regular,Central,App,2022-09-15
C1490,33,Occasional,North,App,2022-04-24
C1491,35,Occasional,Central,App,2022-11-11
C1492,28,Regular,Central,App,2022-01-23
C1493,34,Regular,East,App,2022-12-04
C1494,26,Regular,South,Online,2022-09-24
C1495,50,Occasional,South,Partner,2022-06-04
C1496,35,Occasional,North,Online,2022-08-23
C1497,43,Occasional,Central,App,2022-11-26
C1498,41,Regular,North,Online,2022-01-16
C1499,61,Regular,West,Online,2022-02-01
C1500,26,Regular,North,Online,2022-09-03
C1501,44,Occasional,South,App,2022-07-25
C1502,47,Regular,East,Retail,2022-08-07
C1503,43,Regular,Central,Online,2022-12-18
C1504,39,Occasional,South,Online,2022-02-25
C1505,43,Premium,South,Retail,2022-09-09
C1506,35,Regular,North,Online,2022-12-31
C1507,43,Occasional,East,Partner,2022-08-16
C1508,32,Regular,North,Online,2022-02-07
C1509,20,Occasional,West,Online,2022-02-11
C1510,32,Regular,West,Partner,2022-06-14
C1511,35,Occasional,East,App,2022-11-08
C1512,47,Premium,North,App,2022-03-17
C1513,46,Occasional,East,Online,2022-02-03
C1514,62,Regular,West,Partner,2022-03-06
C1515,18,Occasional,North,App,2022-05-21
C1516,26,Regular,North,Online,2022-11-16
C1517,45,Occasional,South,Retail,2022-11-21
C1518,21,Premium,East,Online,2022-10-27
C1519,47,Regular,Central,App,2022-10-08
C1520,41,Occasional,East,Online,2022-12-31
C1521,22,Regular,East,App,2022-06-16
C1522,35,Premium,North,App,2022-07-15
C1523,33,Regular,West,App,2022-11-02
C1524,41,Regular,East,Online,2022-09-29
C1525,31,Regular,West,Online,2022-05-31
C1526,34,Premium,East,Online,2022-08-21
C1527,36,Occasional,West,Online,2022-09-16
C1528,36,Occasional,West,Retail,2022-11-06
C1529,18,Occasional,West,Partner,2022-08-09
C1530,35,Regular,South,Online,2022-02-20
C1531,28,Premium,Central,Online,2022-12-26
C1532,41,Occasional,South,Retail,2022-02-28
C1533,45,Occasional,North,Online,2022-12-02
C1534,36,Regular,West,Retail,2022-11-30
C1535,62,Regular,West,Partner,2022-10-10
C1536,24,Regular,East,Online,2022-04-21
C1537,36,Premium,East,Online,2022-08-09
C1538,70,Regular,East,Online,2022-08-20
C1539,44,Regular,North,Retail,2022-04-27
C1540,46,Occasional,South,Online,2022-07-31
C1541,38,Regular,South,App,2022-06-23
C1542,19,Regular,South,Online,2022-08-21
C1543,33,Premium,Central,Online,2022-07-24
C1544,35,Occasional,Central,Online,2022-08-01
C1545,47,Occasional,Central,App,2022-02-18
C1546,18,Premium,West,Online,2022-06-10
C1547,27,Regular,West,App,2022-08-07
C1548,34,Regular,South,Retail,2022-06-10
C1549,24,Premium,South,Partner,2022-12-07
C1550,46,Regular,East,App,2022-05-11
C1551,48,Regular,North,Online,2022-07-11
C1552,28,Regular,Central,Online,2022-03-20
C1553,39,Regular,North,Online,2022-12-18
C1554,41,Occasional,North,Online,2022-08-31
C1555,56,Premium,East,App,2022-02-04
C1556,35,Regular,West,Online,2022-02-16
C1557,42,Regular,West,Online,2022-02-13
C1558,46,Premium,West,App,2022-02-17
C1559,18,Occasional,East,Online,2022-08-10
C1560,49,Regular,West,Retail,2022-02-19
C1561,46,Regular,East,Retail,2022-07-10
C1562,34,Occasional,West,Retail,2022-03-08
C1563,23,Regular,East,Online,2022-10-12
C1564,28,Regular,North,Online,2022-01-31
C1565,18,Regular,West,Retail,2022-10-28
C1566,59,Occasional,South,App,2022-10-15
C1567,48,Regular,North,Online,2022-10-15
C1568,28,Occasional,West,Online,2022-06-18
C1569,50,Occasional,South,Retail,2022-12-10
C1570,66,Regular,West,Online,2022-03-04
C1571,18,Regular,North,Retail,2022-07-30
C1572,19,Regular,West,Retail,2022-07-01
C1573,54,Occasional,South,Retail,2022-12-07
C1574,39,Regular,East,App,2022-08-05
C1575,18,Regular,West,Partner,2022-01-27
C1576,23,Regular,West,Partner,2022-05-28
C1577,32,Occasional,West,Retail,2022-11-04
C1578,31,Regular,North,Online,2022-06-09
C1579,25,Occasional,North,Retail,2022-06-30
C1580,23,Regular,East,Online,2022-02-23
C1581,27,Occasional,West,App,2022-10-23
C1582,31,Regular,Central,Online,2022-09-17
C1583,37,Occasional,North,Online,2022-04-19
C1584,20,Occasional,North,Online,2022-03-21
C1585,48,Regular,Central,App,2022-12-03
C1586,37,Premium,Central,Online,2022-09-04
C1587,40,Regular,North,Online,2022-04-25
C1588,18,Regular,West,App,2022-02-25
C1589,25,Regular,South,Retail,2022-06-29
C1590,29,Occasional,Central,Online,2022-10-12
C1591,30,Premium,Central,App,2022-07-08
C1592,44,Regular,East,Online,2022-02-28
C1593,31,Occasional,North,Online,2022-05-23
C1594,55,Regular,East,Online,2022-10-21
C1595,42,Occasional,West,Retail,2022-04-26
C1596,39,Regular,West,Online,2022-08-08
C1597,18,Regular,South,Partner,2022-10-15
C1598,24,Regular,North,App,2022-11-15
C1599,32,Regular,West,App,2022-11-11
C1600,18,Regular,South,Online,2022-12-12
C1601,21,Regular,Central,Retail,2022-11-26
C1602,34,Occasional,East,App,2022-10-13
C1603,42,Regular,North,App,2022-01-14
C1604,28,Regular,Central,Online,2022-11-08
C1605,45,Occasional,North,Online,2022-12-03
C1606,35,Regular,North,Partner,2022-12-22
C1607,19,Regular,North,Online,2022-05-17
C1608,18,Occasional,Central,Retail,2022-01-15
C1609,18,Occasional,West,Online,2022-04-03
C1610,44,Occasional,Central,Online,2022-05-20
C1611,18,Regular,North,App,2022-12-26
C1612,38,Occasional,East,Online,2022-06-08
C1613,18,Occasional,East,Online,2022-06-23
C1614,48,Regular,West,Online,2022-06-29
C1615,26,Regular,East,Partner,2022-01-04
C1616,42,Occasional,North,Online,2022-04-03
C1617,35,Regular,Central,Partner,2022-03-15
C1618,20,Regular,East,Retail,2022-10-17
C1619,25,Regular,North,Online,2022-12-03
C1620,18,Regular,South,Online,2022-07-25
C1621,43,Occasional,East,Online,2022-02-05
C1622,27,Occasional,North,Online,2022-03-14
C1623,24,Regular,Central,App,2022-11-21
C1624,28,Regular,Central,Online,2022-01-16
C1625,38,Regular,North,Online,2022-02-16
C1626,18,Regular,West,App,2022-09-29
C1627,27,Regular,North,Partner,2022-04-21
C1628,31,Regular,South,Retail,2022-07-12
C1629,18,Occasional,Central,App,2022-08-03
C1630,34,Premium,East,Retail,2022-08-21
C1631,30,Occasional,North,Retail,2022-06-24
C1632,28,Regular,East,Online,2022-03-22
C1633,29,Regular,West,App,2022-07-09
C1634,48,Occasional,East,Online,2022-06-09
C1635,36,Regular,North,Retail,2022-06-16
C1636,40,Regular,West,App,2022-10-18
C1637,40,Premium,East,App,2022-11-02
C1638,19,Regular,West,Retail,2022-02-13
C1639,36,Occasional,West,Retail,2022-01-27
C1640,18,Regular,East,App,2022-03-21
C1641,32,Occasional,East,App,2022-03-22
C1642,33,Occasional,South,App,2022-11-13
C1643,41,Regular,South,App,2022-01-26
C1644,42,Premium,South,Online,2022-12-12
C1645,44,Regular,North,App,2022-02-11
C1646,27,Occasional,South,Online,2022-05-20
C1647,50,Regular,West,Partner,2022-08-15
C1648,26,Occasional,West,App,2022-12-05
C1649,22,Occasional,South,App,2022-08-06
C1650,30,Regular,East,Retail,2022-09-06
C1651,30,Regular,West,Retail,2022-11-07
C1652,18,Regular,West,Online,2022-08-15
C1653,32,Occasional,North,Online,2022-08-01
C1654,42,Regular,Central,App,2022-05-20
C1655,34,Regular,North,Retail,2022-04-21
C1656,44,Regular,Central,Partner,2022-09-20
C1657,35,Occasional,West,Online,2022-02-28
C1658,43,Regular,North,App,2022-06-26
C1659,30,Regular,East,App,2022-08-09
C1660,30,Premium,East,Online,2022-02-26
C1661,57,Regular,West,Online,2022-05-26
C1662,47,Occasional,East,App,2022-12-14
C1663,49,Regular,North,Online,2022-12-14
C1664,53,Occasional,West,Online,2022-10-31
C1665,48,Occasional,North,Online,2022-09-07
C1666,18,Occasional,North,Online,2022-09-27
C1667,36,Regular,North,Online,2022-12-08
C1668,40,Regular,Central,Online,2022-06-07
C1669,40,Regular,North,App,2022-01-24
C1670,37,Occasional,West,Online,2022-04-23
C1671,42,Occasional,North,App,2022-07-22
C1672,56,Occasional,East,App,2022-11-03
C1673,32,Regular,Central,Online,2022-01-29
C1674,31,Regular,West,Online,2022-01-04
C1675,55,Occasional,West,App,2022-04-15
C1676,33,Premium,Central,Online,2022-06-04
C1677,26,Occasional,West,Retail,2022-04-19
C1678,45,Regular,East,App,2022-03-12
C1679,30,Occasional,Central,Online,2022-05-11
C1680,37,Occasional,East,App,2022-05-29
C1681,44,Occasional,East,App,2022-06-17
C1682,18,Occasional,West,Online,2022-03-03
C1683,33,Regular,South,App,2022-01-04
C1684,48,Occasional,South,App,2022-09-12
C1685,34,Occasional,West,Online,2022-08-09
C1686,23,Regular,South,Online,2022-03-31
C1687,43,Regular,Central,App,2022-03-08
C1688,43,Regular,East,App,2022-07-14
C1689,27,Regular,North,Retail,2022-09-30
C1690,68,Regular,North,Retail,2022-12-27
C1691,23,Regular,North,Partner,2022-04-28
C1692,30,Regular,South,Online,2022-09-14
C1693,50,Regular,North,Online,2022-10-14
C1694,29,Regular,North,App,2022-12-09
C1695,55,Occasional,Central,Partner,2022-07-01
C1696,41,Regular,North,Online,2022-02-06
C1697,33,Premium,East,Online,2022-07-23
C1698,42,Regular,South,App,2022-01-22
C1699,46,Occasional,East,Retail,2022-08-12
C1700,38,Occasional,North,App,2022-01-10
C1701,45,Regular,West,Retail,2022-08-24
C1702,39,Occasional,South,Partner,2022-02-09
C1703,41,Premium,North,App,2022-06-10
C1704,18,Regular,South,Online,2022-10-22
C1705,29,Regular,South,Online,2022-08-08
C1706,20,Occasional,West,Online,2022-10-21
C1707,47,Regular,North,Retail,2022-07-27
C1708,32,Regular,East,Online,2022-12-30
C1709,39,Regular,East,App,2022-11-24
C1710,23,Regular,Central,Retail,2022-08-02
C1711,30,Premium,East,Online,2022-05-29
C1712,37,Occasional,North,App,2022-02-28
C1713,51,Premium,East,Online,2022-07-27
C1714,18,Occasional,North,Partner,2022-01-11
C1715,28,Occasional,North,Partner,2022-06-16
C1716,45,Regular,South,Online,2022-03-29
C1717,36,Regular,Central,Online,2022-11-13
C1718,31,Regular,East,App,2022-08-24
C1719,43,Regular,East,Online,2022-12-20
C1720,24,Occasional,Central,App,2022-07-05
C1721,20,Premium,South,App,2022-02-15
C1722,26,Regular,Central,Online,2022-08-12
C1723,33,Regular,South,App,2022-02-24
C1724,58,Regular,West,Partner,2022-05-05
C1725,31,Regular,East,Online,2022-08-12
C1726,33,Occasional,Central,Partner,2022-10-29
C1727,38,Occasional,East,App,2022-07-25
C1728,32,Occasional,East,Online,2022-09-26
C1729,67,Regular,Central,App,2022-02-10
C1730,32,Regular,North,App,2022-07-22
C1731,18,Regular,North,Online,2022-06-08
C1732,43,Regular,Central,App,2022-06-23
C1733,21,Premium,Central,Online,2022-04-24
C1734,49,Regular,West,Online,2022-06-20
C1735,36,Regular,North,Online,2022-03-28
C1736,51,Occasional,West,Online,2022-02-09
C1737,37,Regular,East,Online,2022-09-19
C1738,29,Regular,West,Partner,2022-11-21
C1739,39,Regular,East,Online,2022-02-28
C1740,20,Occasional,East,App,2022-09-29
C1741,23,Premium,West,Online,2022-09-19
C1742,28,Occasional,South,Online,2022-04-10
C1743,18,Premium,South,App,2022-06-28
C1744,28,Occasional,South,App,2022-06-29
C1745,28,Premium,Central,Online,2022-11-27
C1746,27,Regular,South,Online,2022-03-17
C1747,27,Premium,West,Online,2022-05-01
C1748,37,Occasional,East,Online,2022-02-22
C1749,25,Regular,East,Online,2022-03-16
C1750,38,Regular,Central,Partner,2022-05-12
C1751,18,Regular,South,App,2022-04-12
C1752,55,Regular,Central,Online,2022-03-30
C1753,18,Occasional,West,App,2022-11-05
C1754,18,Regular,West,Online,2022-03-20
C1755,35,Regular,East,App,2022-12-02
C1756,48,Premium,Central,Online,2022-02-08
C1757,24,Regular,East,Online,2022-04-01
C1758,30,Occasional,East,Partner,2022-11-18
C1759,50,Premium,South,Online,2022-09-10
C1760,39,Regular,Central,Online,2022-08-26
C1761,42,Regular,West,Online,2022-10-16
C1762,21,Premium,East,Partner,2022-10-24
C1763,18,Regular,Central,Retail,2022-08-18
C1764,24,Occasional,North,Online,2022-12-15
C1765,49,Regular,South,Retail,2022-10-17
C1766,39,Premium,South,App,2022-11-26
C1767,55,Regular,West,App,2022-11-22
C1768,40,Regular,West,Online,2022-11-16
C1769,35,Occasional,West,Retail,2022-06-15
C1770,18,Regular,East,Online,2022-11-18
C1771,36,Regular,North,Retail,2022-06-11
C1772,35,Regular,West,App,2022-03-19
C1773,33,Occasional,East,App,2022-08-14
C1774,42,Regular,North,App,2022-02-04
C1775,51,Occasional,West,Online,2022-08-29
C1776,36,Occasional,East,Retail,2022-08-15
C1777,43,Premium,West,Online,2022-11-20
C1778,18,Regular,East,App,2022-06-05
C1779,37,Occasional,South,Online,2022-05-21
C1780,40,Premium,East,App,2022-10-30
C1781,54,Regular,North,Online,2022-01-29
C1782,28,Occasional,West,Retail,2022-06-30
C1783,23,Regular,Central,Online,2022-09-17
C1784,41,Occasional,North,App,2022-02-07
C1785,21,Regular,North,Partner,2022-06-08
C1786,27,Regular,South,Online,2022-08-25
C1787,48,Occasional,East,Retail,2022-08-20
C1788,24,Regular,North,App,2022-01-20
C1789,61,Occasional,East,Partner,2022-01-30
C1790,37,Occasional,East,App,2022-07-08
C1791,31,Regular,West,Online,2022-05-27
C1792,36,Premium,East,Online,2022-02-09
C1793,18,Regular,West,App,2022-11-27
C1794,29,Regular,South,App,2022-02-16
C1795,44,Occasional,West,App,2022-11-11
C1796,44,Regular,North,App,2022-11-01
C1797,35,Regular,South,App,2022-09-17
C1798,53,Occasional,Central,Online,2022-07-16
C1799,39,Occasional,East,App,2022-08-25
C1800,53,Regular,West,Partner,2022-10-25
C1801,35,Regular,East,Online,2022-10-11
C1802,43,Occasional,West,Online,2022-01-22
C1803,45,Premium,Central,Online,2022-08-19
C1804,29,Regular,Central,App,2022-10-20
C1805,55,Regular,South,Partner,2022-11-30
C1806,25,Occasional,West,Online,2022-04-07
C1807,53,Regular,West,Online,2022-06-14
C1808,38,Regular,South,Online,2022-11-06
C1809,38,Regular,Central,Online,2022-09-01
C1810,34,Occasional,Central,Online,2022-09-14
C1811,33,Occasional,East,App,2022-03-19
C1812,24,Premium,North,Retail,2022-02-01
C1813,37,Occasional,North,App,2022-08-19
C1814,26,Premium,West,Online,2022-02-22
C1815,24,Regular,East,Online,2022-06-25
C1816,47,Occasional,South,App,2023-01-01
C1817,40,Premium,East,Online,2022-02-13
C1818,24,Occasional,South,Retail,2022-09-16
C1819,33,Regular,North,Online,2022-11-27
C1820,36,Occasional,West,App,2022-03-30
C1821,25,Premium,West,App,2022-01-21
C1822,18,Occasional,South,Online,2022-05-07
C1823,48,Occasional,East,App,2022-12-29
C1824,28,Premium,Central,Online,2022-08-13
C1825,34,Regular,Central,Online,2022-08-13
C1826,43,Regular,East,Online,2022-09-26
C1827,57,Occasional,North,Partner,2022-09-25
C1828,24,Regular,South,Online,2022-11-09
C1829,43,Regular,North,Online,2022-03-23
C1830,40,Premium,North,Online,2022-07-06
C1831,36,Regular,Central,Partner,2022-07-10
C1832,18,Regular,South,Online,2022-05-25
C1833,53,Regular,Central,Partner,2022-07-18
C1834,27,Regular,East,Online,2022-07-29
C1835,30,Regular,Central,Online,2022-06-23
C1836,19,Regular,West,App,2022-12-14
C1837,46,Regular,East,Online,2022-11-03
C1838,31,Regular,West,App,2022-01-27
C1839,34,Premium,North,Online,2022-11-20
C1840,50,Occasional,West,Online,2022-11-28
C1841,18,Regular,South,Online,2022-06-21
C1842,33,Regular,North,Online,2022-02-03
C1843,28,Regular,North,Retail,2022-06-18
C1844,21,Premium,Central,Retail,2022-02-18
C1845,62,Occasional,South,App,2022-10-13
C1846,57,Premium,North,App,2022-12-14
C1847,46,Premium,West,Online,2022-07-17
C1848,36,Regular,South,Online,2022-05-26
C1849,35,Occasional,East,App,2022-05-10
C1850,20,Occasional,West,App,2022-12-03
C1851,41,Regular,South,Online,2022-11-05
C1852,31,Occasional,North,Partner,2022-03-18
C1853,38,Regular,East,Retail,2022-06-20
C1854,30,Regular,East,Online,2022-02-11
C1855,25,Premium,East,App,2022-10-26
C1856,39,Occasional,North,Online,2022-12-06
C1857,27,Occasional,West,App,2022-03-14
C1858,40,Regular,South,Online,2022-06-29
C1859,66,Regular,East,Online,2022-06-08
C1860,38,Regular,Central,Online,2022-12-02
C1861,22,Regular,West,Partner,2022-12-24
C1862,31,Regular,Central,Online,2022-12-06
C1863,27,Occasional,East,App,2022-07-20
C1864,36,Occasional,North,Online,2022-03-08
C1865,30,Premium,East,App,2022-11-01
C1866,43,Premium,South,Online,2022-12-29
C1867,45,Occasional,West,Online,2022-02-13
C1868,32,Occasional,East,Online,2022-06-08
C1869,36,Occasional,West,Online,2022-10-14
C1870,37,Regular,West,Online,2022-07-12
C1871,52,Occasional,East,Retail,2022-11-26
C1872,31,Occasional,West,Online,2022-06-18
C1873,23,Premium,South,Online,2022-03-07
C1874,21,Regular,Central,Online,2022-12-10
C1875,46,Premium,Central,App,2022-12-26
C1876,48,Regular,West,Online,2022-12-17
C1877,34,Occasional,East,App,2022-09-27
C1878,35,Regular,West,Retail,2022-02-17
C1879,62,Regular,Central,App,2022-11-27
C1880,28,Occasional,West,Online,2022-12-10
C1881,29,Occasional,South,App,2022-08-05
C1882,18,Occasional,South,App,2022-09-18
C1883,29,Occasional,North,Online,2022-07-05
C1884,31,Occasional,South,Partner,2022-01-10
C1885,23,Occasional,North,Retail,2022-07-05
C1886,33,Premium,North,Online,2022-06-08
C1887,35,Occasional,South,Online,2022-04-03
C1888,35,Regular,East,App,2022-04-20
C1889,18,Occasional,North,Partner,2022-06-24
C1890,43,Premium,East,Online,2022-09-06
C1891,60,Regular,East,App,2022-04-09
C1892,18,Occasional,West,Online,2022-04-26
C1893,51,Regular,East,Online,2022-03-12
C1894,56,Premium,North,Online,2022-03-21
C1895,48,Occasional,West,Online,2022-02-09
C1896,50,Occasional,Central,Online,2022-06-01
C1897,39,Regular,Central,Online,2022-02-21
C1898,35,Regular,East,App,2022-09-17
C1899,28,Occasional,West,Online,2022-10-04
C1900,33,Regular,West,Retail,2022-09-27
C1901,18,Occasional,West,Online,2022-01-20
C1902,34,Regular,West,Online,2022-12-05
C1903,36,Regular,West,Online,2022-06-22
C1904,19,Occasional,South,Online,2022-11-13
C1905,30,Occasional,West,Partner,2022-03-09
C1906,41,Regular,West,Online,2022-11-02
C1907,40,Regular,South,Online,2022-07-12
C1908,33,Occasional,West,Online,2022-03-20
C1909,40,Regular,South,App,2022-03-25
C1910,32,Occasional,North,Partner,2022-04-03
C1911,28,Occasional,South,Online,2022-12-21
C1912,41,Occasional,Central,Online,2022-11-16
C1913,27,Regular,South,Online,2022-03-26
C1914,18,Occasional,East,Online,2022-08-13
C1915,41,Regular,South,App,2022-01-23
C1916,41,Regular,South,App,2022-07-30
C1917,25,Regular,Central,App,2022-07-06
C1918,29,Regular,Central,Online,2022-12-13
C1919,21,Regular,South,App,2022-05-02
C1920,27,Regular,East,Online,2022-08-16
C1921,30,Occasional,South,App,2022-11-09
C1922,19,Regular,North,Online,2022-05-26
C1923,24,Regular,West,Online,2022-08-18
C1924,29,Regular,South,App,2022-04-30
C1925,18,Regular,West,Retail,2022-10-01
C1926,42,Regular,North,Retail,2022-05-03
C1927,43,Regular,North,App,2022-06-08
C1928,18,Regular,North,App,2022-08-29
C1929,39,Premium,East,App,2022-04-10
C1930,50,Occasional,West,Online,2022-07-08
C1931,46,Premium,East,Online,2022-12-14
C1932,49,Occasional,North,App,2022-10-20
C1933,47,Regular,Central,App,2022-08-14
C1934,31,Occasional,North,Online,2022-08-25
C1935,20,Regular,West,Online,2022-05-25
C1936,52,Premium,North,App,2022-07-15
C1937,55,Regular,East,Online,2022-09-15
C1938,36,Premium,South,Partner,2022-09-28
C1939,30,Regular,West,Online,2022-08-03
C1940,44,Premium,North,App,2022-03-24
C1941,41,Regular,West,Online,2022-04-13
C1942,40,Occasional,West,Online,2022-11-06
C1943,23,Premium,North,Online,2022-03-12
C1944,43,Regular,East,App,2022-05-09
C1945,18,Premium,West,Online,2022-01-27
C1946,32,Regular,Central,App,2022-11-25
C1947,34,Premium,West,Online,2022-09-04
C1948,48,Regular,North,Retail,2022-07-10
C1949,33,Occasional,West,Retail,2022-10-11
C1950,48,Regular,West,App,2022-02-22
C1951,34,Regular,West,Retail,2022-12-31
C1952,43,Regular,North,App,2022-09-22
C1953,60,Occasional,North,Retail,2022-03-05
C1954,29,Regular,North,Online,2022-05-26
C1955,38,Premium,North,Retail,2022-02-12
C1956,18,Premium,South,App,2022-03-24
C1957,54,Regular,West,App,2022-05-20
C1958,36,Premium,North,Online,2022-08-19
C1959,52,Regular,South,Online,2022-09-20
C1960,27,Regular,East,Online,2022-03-17
C1961,19,Occasional,Central,Online,2022-08-12
C1962,35,Regular,Central,Online,2022-02-16
C1963,25,Regular,North,Partner,2022-04-24
C1964,37,Occasional,West,App,2022-08-19
C1965,20,Occasional,Central,App,2022-06-28
C1966,61,Occasional,East,App,2022-01-14
C1967,18,Premium,South,App,2022-08-01
C1968,32,Regular,East,Partner,2022-01-28
C1969,27,Premium,North,Retail,2022-07-22
C1970,18,Regular,West,Online,2022-09-15
C1971,18,Regular,North,Online,2022-07-11
C1972,40,Regular,North,Partner,2022-05-01
C1973,25,Regular,East,Online,2022-07-17
C1974,30,Occasional,Central,Online,2022-02-11
C1975,30,Regular,East,Online,2022-07-11
C1976,34,Regular,West,Online,2022-04-25
C1977,41,Regular,Central,Online,2022-01-15
C1978,23,Occasional,West,Online,2022-06-13
C1979,28,Occasional,North,App,2022-02-20
C1980,56,Regular,Central,Online,2023-01-01
C1981,44,Occasional,South,Online,2022-11-29
C1982,27,Regular,South,Online,2022-06-21
C1983,26,Regular,North,Retail,2022-03-16
C1984,23,Occasional,North,App,2022-03-12
C1985,39,Premium,South,Partner,2022-01-20
C1986,36,Occasional,West,Retail,2022-05-27
C1987,35,Regular,North,Retail,2022-08-30
C1988,24,Premium,East,Partner,2022-12-23
C1989,35,Regular,South,Online,2022-03-13
C1990,36,Regular,South,Partner,2022-12-28
C1991,40,Premium,East,Partner,2022-08-29
C1992,26,Regular,North,App,2022-08-18
C1993,46,Regular,South,Partner,2022-11-12
C1994,48,Occasional,East,Retail,2022-01-03
C1995,18,Regular,East,App,2022-02-10
C1996,18,Premium,East,Retail,2022-01-10
C1997,47,Occasional,North,App,2022-05-12
C1998,52,Occasional,East,Online,2022-04-21
C1999,47,Regular,West,Retail,2022-03-18
C2000,34,Occasional,South,App,2022-10-08
